index_code,index_name,query_trading_day,source_api,source_query_code,htsc_code,name,exchange,stock_code,stock_name,stock_exchange,trading_day,weight,in_date,out_date
399905.SZ,中证500,2019-05-15,get_index_component,000905,000905.SH,中证500,XSHG,000006.SZ,深振业A,XSHE,2019-05-15 00:00:00,0.15,2007-01-15 00:00:00,2020-06-15 00:00:00
399905.SZ,中证500,2019-05-15,get_index_component,000905,000905.SH,中证500,XSHG,000008.SZ,神州高铁,XSHE,2019-05-15 00:00:00,0.25,2018-06-11 00:00:00,2021-06-15 00:00:00
399905.SZ,中证500,2019-05-15,get_index_component,000905,000905.SH,中证500,XSHG,000009.SZ,中国宝安,XSHE,2019-05-15 00:00:00,0.34,2017-12-11 00:00:00,
399905.SZ,中证500,2019-05-15,get_index_component,000905,000905.SH,中证500,XSHG,000012.SZ,南玻A,XSHE,2019-05-15 00:00:00,0.14,2014-12-15 00:00:00,2023-12-11 00:00:00
399905.SZ,中证500,2019-05-15,get_index_component,000905,000905.SH,中证500,XSHG,000021.SZ,长城开发,XSHE,2019-05-15 00:00:00,0.16,2013-01-04 00:00:00,
399905.SZ,中证500,2019-05-15,get_index_component,000905,000905.SH,中证500,XSHG,000025.SZ,特力A,XSHE,2019-05-15 00:00:00,0.07,2016-12-12 00:00:00,2020-12-14 00:00:00
399905.SZ,中证500,2019-05-15,get_index_component,000905,000905.SH,中证500,XSHG,000027.SZ,深圳能源,XSHE,2019-05-15 00:00:00,0.2,2017-06-12 00:00:00,
399905.SZ,中证500,2019-05-15,get_index_component,000905,000905.SH,中证500,XSHG,000028.SZ,一致药业,XSHE,2019-05-15 00:00:00,0.18,2007-01-15 00:00:00,2022-12-12 00:00:00
399905.SZ,中证500,2019-05-15,get_index_component,000905,000905.SH,中证500,XSHG,000031.SZ,中粮地产,XSHE,2019-05-15 00:00:00,0.23,2012-01-04 00:00:00,2024-12-16 00:00:00
399905.SZ,中证500,2019-05-15,get_index_component,000905,000905.SH,中证500,XSHG,000039.SZ,中集集团,XSHE,2019-05-15 00:00:00,0.31,2017-06-12 00:00:00,
399905.SZ,中证500,2019-05-15,get_index_component,000905,000905.SH,中证500,XSHG,000049.SZ,德赛电池,XSHE,2019-05-15 00:00:00,0.09,2013-12-16 00:00:00,2019-06-17 00:00:00
399905.SZ,中证500,2019-05-15,get_index_component,000905,000905.SH,中证500,XSHG,000060.SZ,中金岭南,XSHE,2019-05-15 00:00:00,0.32,2018-12-17 00:00:00,
399905.SZ,中证500,2019-05-15,get_index_component,000905,000905.SH,中证500,XSHG,000061.SZ,农产品,XSHE,2019-05-15 00:00:00,0.11,2017-06-12 00:00:00,2021-12-13 00:00:00
399905.SZ,中证500,2019-05-15,get_index_component,000905,000905.SH,中证500,XSHG,000062.SZ,深圳华强,XSHE,2019-05-15 00:00:00,0.12,2014-12-15 00:00:00,2023-06-12 00:00:00
399905.SZ,中证500,2019-05-15,get_index_component,000905,000905.SH,中证500,XSHG,000066.SZ,长城电脑,XSHE,2019-05-15 00:00:00,0.44,2008-01-02 00:00:00,2020-06-15 00:00:00
399905.SZ,中证500,2019-05-15,get_index_component,000905,000905.SH,中证500,XSHG,000078.SZ,海王生物,XSHE,2019-05-15 00:00:00,0.18,2007-01-15 00:00:00,2021-12-13 00:00:00
399905.SZ,中证500,2019-05-15,get_index_component,000905,000905.SH,中证500,XSHG,000089.SZ,深圳机场,XSHE,2019-05-15 00:00:00,0.25,2016-12-12 00:00:00,2024-06-17 00:00:00
399905.SZ,中证500,2019-05-15,get_index_component,000905,000905.SH,中证500,XSHG,000090.SZ,深天健,XSHE,2019-05-15 00:00:00,0.13,2007-01-15 00:00:00,2022-06-13 00:00:00
399905.SZ,中证500,2019-05-15,get_index_component,000905,000905.SH,中证500,XSHG,000156.SZ,华数传媒,XSHE,2019-05-15 00:00:00,0.18,2017-12-11 00:00:00,2024-12-16 00:00:00
399905.SZ,中证500,2019-05-15,get_index_component,000905,000905.SH,中证500,XSHG,000158.SZ,常山股份,XSHE,2019-05-15 00:00:00,0.13,2016-06-13 00:00:00,2022-12-12 00:00:00
399905.SZ,中证500,2019-05-15,get_index_component,000905,000905.SH,中证500,XSHG,000400.SZ,许继电气,XSHE,2019-05-15 00:00:00,0.15,2016-06-13 00:00:00,
399905.SZ,中证500,2019-05-15,get_index_component,000905,000905.SH,中证500,XSHG,000401.SZ,冀东水泥,XSHE,2019-05-15 00:00:00,0.42,2015-06-15 00:00:00,2025-06-16 00:00:00
399905.SZ,中证500,2019-05-15,get_index_component,000905,000905.SH,中证500,XSHG,000418.SZ,小天鹅A,XSHE,2019-05-15 00:00:00,0.35,2012-03-20 00:00:00,2019-06-17 00:00:00
399905.SZ,中证500,2019-05-15,get_index_component,000905,000905.SH,中证500,XSHG,000426.SZ,富龙热电,XSHE,2019-05-15 00:00:00,0.11,2007-01-15 00:00:00,2020-06-15 00:00:00
399905.SZ,中证500,2019-05-15,get_index_component,000905,000905.SH,中证500,XSHG,000488.SZ,晨鸣纸业,XSHE,2019-05-15 00:00:00,0.2,2011-01-04 00:00:00,2022-12-12 00:00:00
399905.SZ,中证500,2019-05-15,get_index_component,000905,000905.SH,中证500,XSHG,000501.SZ,鄂武商A,XSHE,2019-05-15 00:00:00,0.12,2007-01-15 00:00:00,2021-12-13 00:00:00
399905.SZ,中证500,2019-05-15,get_index_component,000905,000905.SH,中证500,XSHG,000513.SZ,丽珠集团,XSHE,2019-05-15 00:00:00,0.27,2010-07-01 00:00:00,
399905.SZ,中证500,2019-05-15,get_index_component,000905,000905.SH,中证500,XSHG,000519.SZ,江南红箭,XSHE,2019-05-15 00:00:00,0.14,2014-12-15 00:00:00,
399905.SZ,中证500,2019-05-15,get_index_component,000905,000905.SH,中证500,XSHG,000528.SZ,柳工,XSHE,2019-05-15 00:00:00,0.19,2014-06-16 00:00:00,2022-12-12 00:00:00
399905.SZ,中证500,2019-05-15,get_index_component,000905,000905.SH,中证500,XSHG,000536.SZ,华映科技,XSHE,2019-05-15 00:00:00,0.11,2017-06-12 00:00:00,2020-06-15 00:00:00
399905.SZ,中证500,2019-05-15,get_index_component,000905,000905.SH,中证500,XSHG,000537.SZ,广宇发展,XSHE,2019-05-15 00:00:00,0.11,2018-12-17 00:00:00,
399905.SZ,中证500,2019-05-15,get_index_component,000905,000905.SH,中证500,XSHG,000541.SZ,佛山照明,XSHE,2019-05-15 00:00:00,0.1,2009-01-05 00:00:00,2019-12-16 00:00:00
399905.SZ,中证500,2019-05-15,get_index_component,000905,000905.SH,中证500,XSHG,000543.SZ,皖能电力,XSHE,2019-05-15 00:00:00,0.14,2010-01-04 00:00:00,2021-06-15 00:00:00
399905.SZ,中证500,2019-05-15,get_index_component,000905,000905.SH,中证500,XSHG,000547.SZ,闽福发A,XSHE,2019-05-15 00:00:00,0.31,2015-06-15 00:00:00,2024-06-17 00:00:00
399905.SZ,中证500,2019-05-15,get_index_component,000905,000905.SH,中证500,XSHG,000552.SZ,靖远煤电,XSHE,2019-05-15 00:00:00,0.09,2013-12-16 00:00:00,2019-12-16 00:00:00
399905.SZ,中证500,2019-05-15,get_index_component,000905,000905.SH,中证500,XSHG,000559.SZ,万向钱潮,XSHE,2019-05-15 00:00:00,0.24,2018-12-17 00:00:00,
399905.SZ,中证500,2019-05-15,get_index_component,000905,000905.SH,中证500,XSHG,000563.SZ,陕国投A,XSHE,2019-05-15 00:00:00,0.24,2007-01-15 00:00:00,2026-06-15 00:00:00
399905.SZ,中证500,2019-05-15,get_index_component,000905,000905.SH,中证500,XSHG,000564.SZ,供销大集,XSHE,2019-05-15 00:00:00,0.15,2018-12-17 00:00:00,2021-03-15 00:00:00
399905.SZ,中证500,2019-05-15,get_index_component,000905,000905.SH,中证500,XSHG,000581.SZ,威孚高科,XSHE,2019-05-15 00:00:00,0.31,2016-06-13 00:00:00,2024-06-17 00:00:00
399905.SZ,中证500,2019-05-15,get_index_component,000905,000905.SH,中证500,XSHG,000587.SZ,金洲慈航,XSHE,2019-05-15 00:00:00,0.08,2013-07-01 00:00:00,2019-12-16 00:00:00
399905.SZ,中证500,2019-05-15,get_index_component,000905,000905.SH,中证500,XSHG,000596.SZ,古井贡酒,XSHE,2019-05-15 00:00:00,0.37,2014-06-16 00:00:00,2019-06-17 00:00:00
399905.SZ,中证500,2019-05-15,get_index_component,000905,000905.SH,中证500,XSHG,000598.SZ,兴蓉环境,XSHE,2019-05-15 00:00:00,0.22,2016-06-13 00:00:00,
399905.SZ,中证500,2019-05-15,get_index_component,000905,000905.SH,中证500,XSHG,000600.SZ,建投能源,XSHE,2019-05-15 00:00:00,0.14,2015-06-15 00:00:00,2021-06-15 00:00:00
399905.SZ,中证500,2019-05-15,get_index_component,000905,000905.SH,中证500,XSHG,000612.SZ,焦作万方,XSHE,2019-05-15 00:00:00,0.11,2012-01-04 00:00:00,2019-06-17 00:00:00
399905.SZ,中证500,2019-05-15,get_index_component,000905,000905.SH,中证500,XSHG,000623.SZ,吉林敖东,XSHE,2019-05-15 00:00:00,0.43,2018-12-17 00:00:00,
399905.SZ,中证500,2019-05-15,get_index_component,000905,000905.SH,中证500,XSHG,000636.SZ,风华高科,XSHE,2019-05-15 00:00:00,0.24,2010-01-04 00:00:00,2025-12-15 00:00:00
399905.SZ,中证500,2019-05-15,get_index_component,000905,000905.SH,中证500,XSHG,000656.SZ,金科股份,XSHE,2019-05-15 00:00:00,0.48,2014-12-15 00:00:00,2019-06-17 00:00:00
399905.SZ,中证500,2019-05-15,get_index_component,000905,000905.SH,中证500,XSHG,000667.SZ,名流置业,XSHE,2019-05-15 00:00:00,0.19,2011-07-01 00:00:00,2019-06-17 00:00:00
399905.SZ,中证500,2019-05-15,get_index_component,000905,000905.SH,中证500,XSHG,000681.SZ,视觉中国,XSHE,2019-05-15 00:00:00,0.24,2014-12-15 00:00:00,2021-12-13 00:00:00
399905.SZ,中证500,2019-05-15,get_index_component,000905,000905.SH,中证500,XSHG,000685.SZ,中山公用,XSHE,2019-05-15 00:00:00,0.21,2012-01-04 00:00:00,2022-12-12 00:00:00
399905.SZ,中证500,2019-05-15,get_index_component,000905,000905.SH,中证500,XSHG,000686.SZ,东北证券,XSHE,2019-05-15 00:00:00,0.34,2018-06-11 00:00:00,2022-12-12 00:00:00
399905.SZ,中证500,2019-05-15,get_index_component,000905,000905.SH,中证500,XSHG,000690.SZ,宝新能源,XSHE,2019-05-15 00:00:00,0.32,2012-01-04 00:00:00,2022-12-12 00:00:00
399905.SZ,中证500,2019-05-15,get_index_component,000905,000905.SH,中证500,XSHG,000712.SZ,锦龙股份,XSHE,2019-05-15 00:00:00,0.15,2017-06-12 00:00:00,2020-12-14 00:00:00
399905.SZ,中证500,2019-05-15,get_index_component,000905,000905.SH,中证500,XSHG,000717.SZ,韶钢松山,XSHE,2019-05-15 00:00:00,0.16,2018-12-17 00:00:00,2022-12-12 00:00:00
399905.SZ,中证500,2019-05-15,get_index_component,000905,000905.SH,中证500,XSHG,000718.SZ,苏宁环球,XSHE,2019-05-15 00:00:00,0.15,2017-12-11 00:00:00,2022-12-12 00:00:00
399905.SZ,中证500,2019-05-15,get_index_component,000905,000905.SH,中证500,XSHG,000723.SZ,美锦能源,XSHE,2019-05-15 00:00:00,0.56,2018-12-17 00:00:00,2019-12-16 00:00:00
399905.SZ,中证500,2019-05-15,get_index_component,000905,000905.SH,中证500,XSHG,000727.SZ,华东科技,XSHE,2019-05-15 00:00:00,0.17,2016-06-13 00:00:00,2020-06-15 00:00:00
399905.SZ,中证500,2019-05-15,get_index_component,000905,000905.SH,中证500,XSHG,000729.SZ,燕京啤酒,XSHE,2019-05-15 00:00:00,0.3,2017-06-12 00:00:00,
399905.SZ,中证500,2019-05-15,get_index_component,000905,000905.SH,中证500,XSHG,000732.SZ,泰禾集团,XSHE,2019-05-15 00:00:00,0.23,2017-06-12 00:00:00,2021-12-13 00:00:00
399905.SZ,中证500,2019-05-15,get_index_component,000905,000905.SH,中证500,XSHG,000738.SZ,航发控制,XSHE,2019-05-15 00:00:00,0.22,2018-06-11 00:00:00,
399905.SZ,中证500,2019-05-15,get_index_component,000905,000905.SH,中证500,XSHG,000750.SZ,国海证券,XSHE,2019-05-15 00:00:00,0.41,2018-06-11 00:00:00,
399905.SZ,中证500,2019-05-15,get_index_component,000905,000905.SH,中证500,XSHG,000758.SZ,中色股份,XSHE,2019-05-15 00:00:00,0.16,2014-12-15 00:00:00,2022-06-13 00:00:00
399905.SZ,中证500,2019-05-15,get_index_component,000905,000905.SH,中证500,XSHG,000761.SZ,本钢板材,XSHE,2019-05-15 00:00:00,0.04,2016-12-12 00:00:00,2020-06-15 00:00:00
399905.SZ,中证500,2019-05-15,get_index_component,000905,000905.SH,中证500,XSHG,000766.SZ,通化金马,XSHE,2019-05-15 00:00:00,0.12,2017-06-12 00:00:00,2020-06-15 00:00:00
399905.SZ,中证500,2019-05-15,get_index_component,000905,000905.SH,中证500,XSHG,000778.SZ,新兴铸管,XSHE,2019-05-15 00:00:00,0.34,2017-06-12 00:00:00,2025-06-16 00:00:00
399905.SZ,中证500,2019-05-15,get_index_component,000905,000905.SH,中证500,XSHG,000807.SZ,云铝股份,XSHE,2019-05-15 00:00:00,0.2,2017-12-11 00:00:00,2023-12-11 00:00:00
399905.SZ,中证500,2019-05-15,get_index_component,000905,000905.SH,中证500,XSHG,000813.SZ,德展健康,XSHE,2019-05-15 00:00:00,0.24,2018-06-11 00:00:00,2021-12-13 00:00:00
399905.SZ,中证500,2019-05-15,get_index_component,000905,000905.SH,中证500,XSHG,000829.SZ,天音控股,XSHE,2019-05-15 00:00:00,0.08,2012-07-02 00:00:00,2019-12-16 00:00:00
399905.SZ,中证500,2019-05-15,get_index_component,000905,000905.SH,中证500,XSHG,000830.SZ,鲁西化工,XSHE,2019-05-15 00:00:00,0.37,2007-01-15 00:00:00,
399905.SZ,中证500,2019-05-15,get_index_component,000905,000905.SH,中证500,XSHG,000848.SZ,承德露露,XSHE,2019-05-15 00:00:00,0.14,2011-07-01 00:00:00,2020-12-14 00:00:00
399905.SZ,中证500,2019-05-15,get_index_component,000905,000905.SH,中证500,XSHG,000860.SZ,顺鑫农业,XSHE,2019-05-15 00:00:00,0.63,2007-01-15 00:00:00,2019-12-16 00:00:00
399905.SZ,中证500,2019-05-15,get_index_component,000905,000905.SH,中证500,XSHG,000877.SZ,天山股份,XSHE,2019-05-15 00:00:00,0.18,2009-07-01 00:00:00,2022-06-13 00:00:00
399905.SZ,中证500,2019-05-15,get_index_component,000905,000905.SH,中证500,XSHG,000878.SZ,云南铜业,XSHE,2019-05-15 00:00:00,0.23,2016-06-13 00:00:00,
399905.SZ,中证500,2019-05-15,get_index_component,000905,000905.SH,中证500,XSHG,000887.SZ,中鼎股份,XSHE,2019-05-15 00:00:00,0.2,2017-12-11 00:00:00,
399905.SZ,中证500,2019-05-15,get_index_component,000905,000905.SH,中证500,XSHG,000926.SZ,福星股份,XSHE,2019-05-15 00:00:00,0.15,2007-01-15 00:00:00,2019-12-16 00:00:00
399905.SZ,中证500,2019-05-15,get_index_component,000905,000905.SH,中证500,XSHG,000930.SZ,丰原生化,XSHE,2019-05-15 00:00:00,0.25,2008-07-01 00:00:00,2024-06-17 00:00:00
399905.SZ,中证500,2019-05-15,get_index_component,000905,000905.SH,中证500,XSHG,000932.SZ,华菱钢铁,XSHE,2019-05-15 00:00:00,0.22,2018-12-17 00:00:00,
399905.SZ,中证500,2019-05-15,get_index_component,000905,000905.SH,中证500,XSHG,000937.SZ,冀中能源,XSHE,2019-05-15 00:00:00,0.12,2016-06-13 00:00:00,
399905.SZ,中证500,2019-05-15,get_index_component,000905,000905.SH,中证500,XSHG,000960.SZ,锡业股份,XSHE,2019-05-15 00:00:00,0.29,2016-12-12 00:00:00,
399905.SZ,中证500,2019-05-15,get_index_component,000905,000905.SH,中证500,XSHG,000969.SZ,安泰科技,XSHE,2019-05-15 00:00:00,0.14,2013-12-16 00:00:00,2019-06-17 00:00:00
399905.SZ,中证500,2019-05-15,get_index_component,000905,000905.SH,中证500,XSHG,000970.SZ,中科三环,XSHE,2019-05-15 00:00:00,0.22,2015-12-14 00:00:00,2024-06-17 00:00:00
399905.SZ,中证500,2019-05-15,get_index_component,000905,000905.SH,中证500,XSHG,000975.SZ,科学城,XSHE,2019-05-15 00:00:00,0.27,2007-01-15 00:00:00,2024-06-17 00:00:00
399905.SZ,中证500,2019-05-15,get_index_component,000905,000905.SH,中证500,XSHG,000980.SZ,众泰汽车,XSHE,2019-05-15 00:00:00,0.14,2018-06-11 00:00:00,2020-06-15 00:00:00
399905.SZ,中证500,2019-05-15,get_index_component,000905,000905.SH,中证500,XSHG,000987.SZ,越秀金控,XSHE,2019-05-15 00:00:00,0.07,2017-12-11 00:00:00,2020-12-14 00:00:00
399905.SZ,中证500,2019-05-15,get_index_component,000905,000905.SH,中证500,XSHG,000988.SZ,华工科技,XSHE,2019-05-15 00:00:00,0.22,2007-01-15 00:00:00,2025-12-15 00:00:00
399905.SZ,中证500,2019-05-15,get_index_component,000905,000905.SH,中证500,XSHG,000990.SZ,诚志股份,XSHE,2019-05-15 00:00:00,0.15,2017-12-11 00:00:00,2023-06-12 00:00:00
399905.SZ,中证500,2019-05-15,get_index_component,000905,000905.SH,中证500,XSHG,000997.SZ,新大陆,XSHE,2019-05-15 00:00:00,0.33,2008-01-02 00:00:00,
399905.SZ,中证500,2019-05-15,get_index_component,000905,000905.SH,中证500,XSHG,000998.SZ,隆平高科,XSHE,2019-05-15 00:00:00,0.36,2018-12-17 00:00:00,2025-06-16 00:00:00
399905.SZ,中证500,2019-05-15,get_index_component,000905,000905.SH,中证500,XSHG,000999.SZ,华润三九,XSHE,2019-05-15 00:00:00,0.3,2016-12-12 00:00:00,2023-06-12 00:00:00
399905.SZ,中证500,2019-05-15,get_index_component,000905,000905.SH,中证500,XSHG,002002.SZ,鸿达兴业,XSHE,2019-05-15 00:00:00,0.2,2016-06-13 00:00:00,2023-06-12 00:00:00
399905.SZ,中证500,2019-05-15,get_index_component,000905,000905.SH,中证500,XSHG,002004.SZ,华邦制药,XSHE,2019-05-15 00:00:00,0.2,2013-01-04 00:00:00,2022-12-12 00:00:00
399905.SZ,中证500,2019-05-15,get_index_component,000905,000905.SH,中证500,XSHG,002013.SZ,中航精机,XSHE,2019-05-15 00:00:00,0.29,2013-07-01 00:00:00,2019-06-17 00:00:00
399905.SZ,中证500,2019-05-15,get_index_component,000905,000905.SH,中证500,XSHG,002019.SZ,亿帆医药,XSHE,2019-05-15 00:00:00,0.26,2016-12-12 00:00:00,2025-06-16 00:00:00
399905.SZ,中证500,2019-05-15,get_index_component,000905,000905.SH,中证500,XSHG,002028.SZ,思源电气,XSHE,2019-05-15 00:00:00,0.13,2012-01-04 00:00:00,2024-12-16 00:00:00
399905.SZ,中证500,2019-05-15,get_index_component,000905,000905.SH,中证500,XSHG,002030.SZ,达安基因,XSHE,2019-05-15 00:00:00,0.17,2014-12-15 00:00:00,2024-06-17 00:00:00
399905.SZ,中证500,2019-05-15,get_index_component,000905,000905.SH,中证500,XSHG,002038.SZ,双鹭药业,XSHE,2019-05-15 00:00:00,0.26,2016-06-13 00:00:00,2022-06-13 00:00:00
399905.SZ,中证500,2019-05-15,get_index_component,000905,000905.SH,中证500,XSHG,002041.SZ,登海种业,XSHE,2019-05-15 00:00:00,0.08,2007-01-15 00:00:00,2019-06-17 00:00:00
399905.SZ,中证500,2019-05-15,get_index_component,000905,000905.SH,中证500,XSHG,002048.SZ,宁波华翔,XSHE,2019-05-15 00:00:00,0.12,2007-01-15 00:00:00,2023-06-12 00:00:00
399905.SZ,中证500,2019-05-15,get_index_component,000905,000905.SH,中证500,XSHG,002049.SZ,紫光国芯,XSHE,2019-05-15 00:00:00,0.48,2017-12-11 00:00:00,2020-06-15 00:00:00
399905.SZ,中证500,2019-05-15,get_index_component,000905,000905.SH,中证500,XSHG,002051.SZ,中工国际,XSHE,2019-05-15 00:00:00,0.16,2015-12-14 00:00:00,2021-06-15 00:00:00
399905.SZ,中证500,2019-05-15,get_index_component,000905,000905.SH,中证500,XSHG,002056.SZ,横店东磁,XSHE,2019-05-15 00:00:00,0.15,2007-07-02 00:00:00,
399905.SZ,中证500,2019-05-15,get_index_component,000905,000905.SH,中证500,XSHG,002064.SZ,华峰氨纶,XSHE,2019-05-15 00:00:00,0.16,2007-07-02 00:00:00,2021-06-15 00:00:00
399905.SZ,中证500,2019-05-15,get_index_component,000905,000905.SH,中证500,XSHG,002074.SZ,国轩高科,XSHE,2019-05-15 00:00:00,0.26,2018-12-17 00:00:00,2021-12-13 00:00:00
399905.SZ,中证500,2019-05-15,get_index_component,000905,000905.SH,中证500,XSHG,002078.SZ,太阳纸业,XSHE,2019-05-15 00:00:00,0.29,2010-01-04 00:00:00,
399905.SZ,中证500,2019-05-15,get_index_component,000905,000905.SH,中证500,XSHG,002092.SZ,中泰化学,XSHE,2019-05-15 00:00:00,0.34,2013-12-16 00:00:00,2024-06-17 00:00:00
399905.SZ,中证500,2019-05-15,get_index_component,000905,000905.SH,中证500,XSHG,002093.SZ,国脉科技,XSHE,2019-05-15 00:00:00,0.12,2013-04-26 00:00:00,2021-06-15 00:00:00
399905.SZ,中证500,2019-05-15,get_index_component,000905,000905.SH,中证500,XSHG,002110.SZ,三钢闽光,XSHE,2019-05-15 00:00:00,0.32,2018-06-11 00:00:00,2023-12-11 00:00:00
399905.SZ,中证500,2019-05-15,get_index_component,000905,000905.SH,中证500,XSHG,002118.SZ,紫鑫药业,XSHE,2019-05-15 00:00:00,0.15,2013-01-04 00:00:00,2020-12-14 00:00:00
399905.SZ,中证500,2019-05-15,get_index_component,000905,000905.SH,中证500,XSHG,002127.SZ,南极电商,XSHE,2019-05-15 00:00:00,0.43,2017-06-12 00:00:00,2020-12-14 00:00:00
399905.SZ,中证500,2019-05-15,get_index_component,000905,000905.SH,中证500,XSHG,002128.SZ,露天煤业,XSHE,2019-05-15 00:00:00,0.16,2014-06-16 00:00:00,2025-06-16 00:00:00
399905.SZ,中证500,2019-05-15,get_index_component,000905,000905.SH,中证500,XSHG,002129.SZ,中环股份,XSHE,2019-05-15 00:00:00,0.45,2018-06-11 00:00:00,2020-06-15 00:00:00
399905.SZ,中证500,2019-05-15,get_index_component,000905,000905.SH,中证500,XSHG,002131.SZ,利欧股份,XSHE,2019-05-15 00:00:00,0.28,2017-12-11 00:00:00,2024-06-17 00:00:00
399905.SZ,中证500,2019-05-15,get_index_component,000905,000905.SH,中证500,XSHG,002147.SZ,新光圆成,XSHE,2019-05-15 00:00:00,0.05,2017-06-12 00:00:00,2019-06-17 00:00:00
399905.SZ,中证500,2019-05-15,get_index_component,000905,000905.SH,中证500,XSHG,002152.SZ,广电运通,XSHE,2019-05-15 00:00:00,0.22,2017-12-11 00:00:00,
399905.SZ,中证500,2019-05-15,get_index_component,000905,000905.SH,中证500,XSHG,002155.SZ,辰州矿业,XSHE,2019-05-15 00:00:00,0.18,2014-06-16 00:00:00,
399905.SZ,中证500,2019-05-15,get_index_component,000905,000905.SH,中证500,XSHG,002174.SZ,游族网络,XSHE,2019-05-15 00:00:00,0.29,2018-06-11 00:00:00,2022-12-12 00:00:00
399905.SZ,中证500,2019-05-15,get_index_component,000905,000905.SH,中证500,XSHG,002176.SZ,江特电机,XSHE,2019-05-15 00:00:00,0.19,2016-12-12 00:00:00,2020-06-15 00:00:00
399905.SZ,中证500,2019-05-15,get_index_component,000905,000905.SH,中证500,XSHG,002183.SZ,怡亚通,XSHE,2019-05-15 00:00:00,0.2,2017-12-11 00:00:00,2023-12-11 00:00:00
399905.SZ,中证500,2019-05-15,get_index_component,000905,000905.SH,中证500,XSHG,002191.SZ,劲嘉股份,XSHE,2019-05-15 00:00:00,0.33,2008-07-01 00:00:00,2023-06-12 00:00:00
399905.SZ,中证500,2019-05-15,get_index_component,000905,000905.SH,中证500,XSHG,002195.SZ,二三四五,XSHE,2019-05-15 00:00:00,0.46,2017-12-11 00:00:00,
399905.SZ,中证500,2019-05-15,get_index_component,000905,000905.SH,中证500,XSHG,002212.SZ,南洋股份,XSHE,2019-05-15 00:00:00,0.18,2018-06-11 00:00:00,2023-06-12 00:00:00
399905.SZ,中证500,2019-05-15,get_index_component,000905,000905.SH,中证500,XSHG,002221.SZ,东华能源,XSHE,2019-05-15 00:00:00,0.3,2013-12-16 00:00:00,2023-12-11 00:00:00
399905.SZ,中证500,2019-05-15,get_index_component,000905,000905.SH,中证500,XSHG,002223.SZ,鱼跃医疗,XSHE,2019-05-15 00:00:00,0.38,2011-01-04 00:00:00,
399905.SZ,中证500,2019-05-15,get_index_component,000905,000905.SH,中证500,XSHG,002233.SZ,塔牌集团,XSHE,2019-05-15 00:00:00,0.11,2009-07-01 00:00:00,2022-12-12 00:00:00
399905.SZ,中证500,2019-05-15,get_index_component,000905,000905.SH,中证500,XSHG,002242.SZ,九阳股份,XSHE,2019-05-15 00:00:00,0.18,2014-06-16 00:00:00,2023-06-12 00:00:00
399905.SZ,中证500,2019-05-15,get_index_component,000905,000905.SH,中证500,XSHG,002244.SZ,滨江集团,XSHE,2019-05-15 00:00:00,0.18,2014-06-16 00:00:00,
399905.SZ,中证500,2019-05-15,get_index_component,000905,000905.SH,中证500,XSHG,002249.SZ,大洋电机,XSHE,2019-05-15 00:00:00,0.15,2009-07-01 00:00:00,2023-12-11 00:00:00
399905.SZ,中证500,2019-05-15,get_index_component,000905,000905.SH,中证500,XSHG,002250.SZ,联化科技,XSHE,2019-05-15 00:00:00,0.22,2011-07-01 00:00:00,2023-12-11 00:00:00
399905.SZ,中证500,2019-05-15,get_index_component,000905,000905.SH,中证500,XSHG,002251.SZ,步步高,XSHE,2019-05-15 00:00:00,0.08,2013-12-16 00:00:00,2019-12-16 00:00:00
399905.SZ,中证500,2019-05-15,get_index_component,000905,000905.SH,中证500,XSHG,002254.SZ,泰和新材,XSHE,2019-05-15 00:00:00,0.13,2009-07-01 00:00:00,2019-12-16 00:00:00
399905.SZ,中证500,2019-05-15,get_index_component,000905,000905.SH,中证500,XSHG,002266.SZ,浙富股份,XSHE,2019-05-15 00:00:00,0.21,2013-12-16 00:00:00,
399905.SZ,中证500,2019-05-15,get_index_component,000905,000905.SH,中证500,XSHG,002268.SZ,卫士通,XSHE,2019-05-15 00:00:00,0.41,2016-06-13 00:00:00,2025-06-16 00:00:00
399905.SZ,中证500,2019-05-15,get_index_component,000905,000905.SH,中证500,XSHG,002273.SZ,水晶光电,XSHE,2019-05-15 00:00:00,0.23,2013-07-01 00:00:00,
399905.SZ,中证500,2019-05-15,get_index_component,000905,000905.SH,中证500,XSHG,002276.SZ,万马电缆,XSHE,2019-05-15 00:00:00,0.12,2010-01-04 00:00:00,2019-06-17 00:00:00
399905.SZ,中证500,2019-05-15,get_index_component,000905,000905.SH,中证500,XSHG,002277.SZ,家润多,XSHE,2019-05-15 00:00:00,0.1,2010-01-04 00:00:00,2019-06-17 00:00:00
399905.SZ,中证500,2019-05-15,get_index_component,000905,000905.SH,中证500,XSHG,002280.SZ,联络互动,XSHE,2019-05-15 00:00:00,0.14,2017-12-11 00:00:00,2020-06-15 00:00:00
399905.SZ,中证500,2019-05-15,get_index_component,000905,000905.SH,中证500,XSHG,002281.SZ,光迅科技,XSHE,2019-05-15 00:00:00,0.27,2010-07-01 00:00:00,
399905.SZ,中证500,2019-05-15,get_index_component,000905,000905.SH,中证500,XSHG,002285.SZ,世联地产,XSHE,2019-05-15 00:00:00,0.17,2010-07-01 00:00:00,2020-12-14 00:00:00
399905.SZ,中证500,2019-05-15,get_index_component,000905,000905.SH,中证500,XSHG,002299.SZ,圣农发展,XSHE,2019-05-15 00:00:00,0.36,2017-12-11 00:00:00,2019-12-16 00:00:00
399905.SZ,中证500,2019-05-15,get_index_component,000905,000905.SH,中证500,XSHG,002302.SZ,西部建设,XSHE,2019-05-15 00:00:00,0.12,2018-06-11 00:00:00,2022-06-13 00:00:00
399905.SZ,中证500,2019-05-15,get_index_component,000905,000905.SH,中证500,XSHG,002308.SZ,威创股份,XSHE,2019-05-15 00:00:00,0.08,2010-07-01 00:00:00,2019-06-17 00:00:00
399905.SZ,中证500,2019-05-15,get_index_component,000905,000905.SH,中证500,XSHG,002317.SZ,众生药业,XSHE,2019-05-15 00:00:00,0.16,2013-07-01 00:00:00,2021-12-13 00:00:00
399905.SZ,中证500,2019-05-15,get_index_component,000905,000905.SH,中证500,XSHG,002332.SZ,仙琚制药,XSHE,2019-05-15 00:00:00,0.13,2010-07-01 00:00:00,2019-12-16 00:00:00
399905.SZ,中证500,2019-05-15,get_index_component,000905,000905.SH,中证500,XSHG,002340.SZ,格林美,XSHE,2019-05-15 00:00:00,0.36,2010-07-01 00:00:00,2022-06-13 00:00:00
399905.SZ,中证500,2019-05-15,get_index_component,000905,000905.SH,中证500,XSHG,002344.SZ,海宁皮城,XSHE,2019-05-15 00:00:00,0.09,2015-12-14 00:00:00,2019-12-16 00:00:00
399905.SZ,中证500,2019-05-15,get_index_component,000905,000905.SH,中证500,XSHG,002345.SZ,潮宏基,XSHE,2019-05-15 00:00:00,0.06,2010-07-01 00:00:00,2019-06-17 00:00:00
399905.SZ,中证500,2019-05-15,get_index_component,000905,000905.SH,中证500,XSHG,002353.SZ,杰瑞股份,XSHE,2019-05-15 00:00:00,0.3,2016-06-13 00:00:00,2026-06-15 00:00:00
399905.SZ,中证500,2019-05-15,get_index_component,000905,000905.SH,中证500,XSHG,002354.SZ,天神娱乐,XSHE,2019-05-15 00:00:00,0.07,2015-12-14 00:00:00,2019-06-17 00:00:00
399905.SZ,中证500,2019-05-15,get_index_component,000905,000905.SH,中证500,XSHG,002358.SZ,森源电气,XSHE,2019-05-15 00:00:00,0.18,2014-06-16 00:00:00,2020-06-15 00:00:00
399905.SZ,中证500,2019-05-15,get_index_component,000905,000905.SH,中证500,XSHG,002359.SZ,北讯集团,XSHE,2019-05-15 00:00:00,0.11,2017-12-11 00:00:00,2019-06-17 00:00:00
399905.SZ,中证500,2019-05-15,get_index_component,000905,000905.SH,中证500,XSHG,002366.SZ,台海核电,XSHE,2019-05-15 00:00:00,0.15,2016-06-13 00:00:00,2020-06-15 00:00:00
399905.SZ,中证500,2019-05-15,get_index_component,000905,000905.SH,中证500,XSHG,002368.SZ,太极股份,XSHE,2019-05-15 00:00:00,0.22,2013-12-16 00:00:00,2025-06-16 00:00:00
399905.SZ,中证500,2019-05-15,get_index_component,000905,000905.SH,中证500,XSHG,002371.SZ,七星电子,XSHE,2019-05-15 00:00:00,0.34,2013-12-16 00:00:00,2020-06-15 00:00:00
399905.SZ,中证500,2019-05-15,get_index_component,000905,000905.SH,中证500,XSHG,002372.SZ,伟星新材,XSHE,2019-05-15 00:00:00,0.27,2018-12-17 00:00:00,2026-06-15 00:00:00
399905.SZ,中证500,2019-05-15,get_index_component,000905,000905.SH,中证500,XSHG,002373.SZ,千方科技,XSHE,2019-05-15 00:00:00,0.36,2015-06-15 00:00:00,2025-06-16 00:00:00
399905.SZ,中证500,2019-05-15,get_index_component,000905,000905.SH,中证500,XSHG,002375.SZ,亚厦股份,XSHE,2019-05-15 00:00:00,0.11,2016-06-13 00:00:00,2022-06-13 00:00:00
399905.SZ,中证500,2019-05-15,get_index_component,000905,000905.SH,中证500,XSHG,002384.SZ,东山精密,XSHE,2019-05-15 00:00:00,0.4,2011-01-04 00:00:00,2020-06-15 00:00:00
399905.SZ,中证500,2019-05-15,get_index_component,000905,000905.SH,中证500,XSHG,002385.SZ,大北农,XSHE,2019-05-15 00:00:00,0.4,2018-12-17 00:00:00,2026-06-15 00:00:00
399905.SZ,中证500,2019-05-15,get_index_component,000905,000905.SH,中证500,XSHG,002390.SZ,信邦制药,XSHE,2019-05-15 00:00:00,0.12,2014-12-15 00:00:00,2022-12-12 00:00:00
399905.SZ,中证500,2019-05-15,get_index_component,000905,000905.SH,中证500,XSHG,002399.SZ,海普瑞,XSHE,2019-05-15 00:00:00,0.22,2018-06-11 00:00:00,2024-06-17 00:00:00
399905.SZ,中证500,2019-05-15,get_index_component,000905,000905.SH,中证500,XSHG,002400.SZ,省广股份,XSHE,2019-05-15 00:00:00,0.16,2015-06-15 00:00:00,2019-06-17 00:00:00
399905.SZ,中证500,2019-05-15,get_index_component,000905,000905.SH,中证500,XSHG,002407.SZ,多氟多,XSHE,2019-05-15 00:00:00,0.19,2016-12-12 00:00:00,2020-12-14 00:00:00
399905.SZ,中证500,2019-05-15,get_index_component,000905,000905.SH,中证500,XSHG,002408.SZ,齐翔腾达,XSHE,2019-05-15 00:00:00,0.2,2011-01-04 00:00:00,2025-06-16 00:00:00
399905.SZ,中证500,2019-05-15,get_index_component,000905,000905.SH,中证500,XSHG,002410.SZ,广联达,XSHE,2019-05-15 00:00:00,0.53,2016-06-13 00:00:00,2019-06-17 00:00:00
399905.SZ,中证500,2019-05-15,get_index_component,000905,000905.SH,中证500,XSHG,002414.SZ,高德红外,XSHE,2019-05-15 00:00:00,0.19,2011-01-04 00:00:00,2020-12-14 00:00:00
399905.SZ,中证500,2019-05-15,get_index_component,000905,000905.SH,中证500,XSHG,002416.SZ,爱施德,XSHE,2019-05-15 00:00:00,0.06,2016-12-12 00:00:00,2023-06-12 00:00:00
399905.SZ,中证500,2019-05-15,get_index_component,000905,000905.SH,中证500,XSHG,002424.SZ,贵州百灵,XSHE,2019-05-15 00:00:00,0.13,2018-06-11 00:00:00,2022-06-13 00:00:00
399905.SZ,中证500,2019-05-15,get_index_component,000905,000905.SH,中证500,XSHG,002426.SZ,胜利精密,XSHE,2019-05-15 00:00:00,0.15,2018-06-11 00:00:00,2020-06-15 00:00:00
399905.SZ,中证500,2019-05-15,get_index_component,000905,000905.SH,中证500,XSHG,002431.SZ,棕榈股份,XSHE,2019-05-15 00:00:00,0.14,2014-06-16 00:00:00,2019-12-16 00:00:00
399905.SZ,中证500,2019-05-15,get_index_component,000905,000905.SH,中证500,XSHG,002434.SZ,万里扬,XSHE,2019-05-15 00:00:00,0.1,2017-12-11 00:00:00,2023-06-12 00:00:00
399905.SZ,中证500,2019-05-15,get_index_component,000905,000905.SH,中证500,XSHG,002437.SZ,誉衡药业,XSHE,2019-05-15 00:00:00,0.11,2011-01-04 00:00:00,2020-06-15 00:00:00
399905.SZ,中证500,2019-05-15,get_index_component,000905,000905.SH,中证500,XSHG,002439.SZ,启明星辰,XSHE,2019-05-15 00:00:00,0.38,2015-12-14 00:00:00,2020-12-14 00:00:00
399905.SZ,中证500,2019-05-15,get_index_component,000905,000905.SH,中证500,XSHG,002440.SZ,闰土股份,XSHE,2019-05-15 00:00:00,0.28,2011-01-04 00:00:00,2022-06-13 00:00:00
399905.SZ,中证500,2019-05-15,get_index_component,000905,000905.SH,中证500,XSHG,002444.SZ,巨星科技,XSHE,2019-05-15 00:00:00,0.15,2011-01-04 00:00:00,
399905.SZ,中证500,2019-05-15,get_index_component,000905,000905.SH,中证500,XSHG,002463.SZ,沪电股份,XSHE,2019-05-15 00:00:00,0.35,2012-07-02 00:00:00,2020-06-15 00:00:00
399905.SZ,中证500,2019-05-15,get_index_component,000905,000905.SH,中证500,XSHG,002465.SZ,海格通信,XSHE,2019-05-15 00:00:00,0.39,2018-06-11 00:00:00,
399905.SZ,中证500,2019-05-15,get_index_component,000905,000905.SH,中证500,XSHG,002470.SZ,金正大,XSHE,2019-05-15 00:00:00,0.2,2018-12-17 00:00:00,2020-08-17 00:00:00
399905.SZ,中证500,2019-05-15,get_index_component,000905,000905.SH,中证500,XSHG,002477.SZ,雏鹰农牧,XSHE,2019-05-15 00:00:00,0.07,2012-01-04 00:00:00,2019-06-17 00:00:00
399905.SZ,中证500,2019-05-15,get_index_component,000905,000905.SH,中证500,XSHG,002482.SZ,广田股份,XSHE,2019-05-15 00:00:00,0.09,2011-07-01 00:00:00,2020-06-15 00:00:00
399905.SZ,中证500,2019-05-15,get_index_component,000905,000905.SH,中证500,XSHG,002489.SZ,浙江永强,XSHE,2019-05-15 00:00:00,0.11,2011-07-01 00:00:00,2019-12-16 00:00:00
399905.SZ,中证500,2019-05-15,get_index_component,000905,000905.SH,中证500,XSHG,002491.SZ,通鼎互联,XSHE,2019-05-15 00:00:00,0.17,2016-12-12 00:00:00,2020-12-14 00:00:00
399905.SZ,中证500,2019-05-15,get_index_component,000905,000905.SH,中证500,XSHG,002500.SZ,山西证券,XSHE,2019-05-15 00:00:00,0.38,2018-12-17 00:00:00,
399905.SZ,中证500,2019-05-15,get_index_component,000905,000905.SH,中证500,XSHG,002503.SZ,搜于特,XSHE,2019-05-15 00:00:00,0.1,2013-07-01 00:00:00,2021-06-15 00:00:00
399905.SZ,中证500,2019-05-15,get_index_component,000905,000905.SH,中证500,XSHG,002505.SZ,大康牧业,XSHE,2019-05-15 00:00:00,0.17,2015-12-14 00:00:00,2024-06-17 00:00:00
399905.SZ,中证500,2019-05-15,get_index_component,000905,000905.SH,中证500,XSHG,002506.SZ,协鑫集成,XSHE,2019-05-15 00:00:00,0.32,2017-12-11 00:00:00,2019-12-16 00:00:00
399905.SZ,中证500,2019-05-15,get_index_component,000905,000905.SH,中证500,XSHG,002507.SZ,涪陵榨菜,XSHE,2019-05-15 00:00:00,0.38,2018-12-17 00:00:00,2025-12-15 00:00:00
399905.SZ,中证500,2019-05-15,get_index_component,000905,000905.SH,中证500,XSHG,002509.SZ,天广中茂,XSHE,2019-05-15 00:00:00,0.1,2018-06-11 00:00:00,2019-12-16 00:00:00
399905.SZ,中证500,2019-05-15,get_index_component,000905,000905.SH,中证500,XSHG,002512.SZ,达华智能,XSHE,2019-05-15 00:00:00,0.09,2016-06-13 00:00:00,2019-12-16 00:00:00
399905.SZ,中证500,2019-05-15,get_index_component,000905,000905.SH,中证500,XSHG,002517.SZ,恺英网络,XSHE,2019-05-15 00:00:00,0.11,2017-06-12 00:00:00,2019-12-16 00:00:00
399905.SZ,中证500,2019-05-15,get_index_component,000905,000905.SH,中证500,XSHG,002544.SZ,杰赛科技,XSHE,2019-05-15 00:00:00,0.12,2016-12-12 00:00:00,2021-06-15 00:00:00
399905.SZ,中证500,2019-05-15,get_index_component,000905,000905.SH,中证500,XSHG,002563.SZ,森马服饰,XSHE,2019-05-15 00:00:00,0.16,2018-06-11 00:00:00,2019-06-17 00:00:00
399905.SZ,中证500,2019-05-15,get_index_component,000905,000905.SH,中证500,XSHG,002573.SZ,国电清新,XSHE,2019-05-15 00:00:00,0.14,2013-01-04 00:00:00,2020-06-15 00:00:00
399905.SZ,中证500,2019-05-15,get_index_component,000905,000905.SH,中证500,XSHG,002583.SZ,海能达,XSHE,2019-05-15 00:00:00,0.23,2017-06-12 00:00:00,2021-12-13 00:00:00
399905.SZ,中证500,2019-05-15,get_index_component,000905,000905.SH,中证500,XSHG,002588.SZ,史丹利,XSHE,2019-05-15 00:00:00,0.08,2013-12-16 00:00:00,2019-06-17 00:00:00
399905.SZ,中证500,2019-05-15,get_index_component,000905,000905.SH,中证500,XSHG,002589.SZ,瑞康医药,XSHE,2019-05-15 00:00:00,0.21,2016-06-13 00:00:00,2021-06-15 00:00:00
399905.SZ,中证500,2019-05-15,get_index_component,000905,000905.SH,中证500,XSHG,002603.SZ,以岭药业,XSHE,2019-05-15 00:00:00,0.2,2015-12-14 00:00:00,2023-06-12 00:00:00
399905.SZ,中证500,2019-05-15,get_index_component,000905,000905.SH,中证500,XSHG,002635.SZ,安洁科技,XSHE,2019-05-15 00:00:00,0.1,2013-07-01 00:00:00,2021-12-13 00:00:00
399905.SZ,中证500,2019-05-15,get_index_component,000905,000905.SH,中证500,XSHG,002640.SZ,跨境通,XSHE,2019-05-15 00:00:00,0.16,2016-06-13 00:00:00,2021-06-15 00:00:00
399905.SZ,中证500,2019-05-15,get_index_component,000905,000905.SH,中证500,XSHG,002642.SZ,荣之联,XSHE,2019-05-15 00:00:00,0.06,2015-06-15 00:00:00,2019-06-17 00:00:00
399905.SZ,中证500,2019-05-15,get_index_component,000905,000905.SH,中证500,XSHG,002663.SZ,普邦园林,XSHE,2019-05-15 00:00:00,0.12,2013-01-04 00:00:00,2019-06-17 00:00:00
399905.SZ,中证500,2019-05-15,get_index_component,000905,000905.SH,中证500,XSHG,002665.SZ,首航节能,XSHE,2019-05-15 00:00:00,0.17,2014-12-15 00:00:00,2020-12-14 00:00:00
399905.SZ,中证500,2019-05-15,get_index_component,000905,000905.SH,中证500,XSHG,002670.SZ,国盛金控,XSHE,2019-05-15 00:00:00,0.23,2017-01-18 00:00:00,
399905.SZ,中证500,2019-05-15,get_index_component,000905,000905.SH,中证500,XSHG,002672.SZ,东江环保,XSHE,2019-05-15 00:00:00,0.15,2013-01-04 00:00:00,2020-06-15 00:00:00
399905.SZ,中证500,2019-05-15,get_index_component,000905,000905.SH,中证500,XSHG,002681.SZ,奋达科技,XSHE,2019-05-15 00:00:00,0.08,2015-06-15 00:00:00,2020-06-15 00:00:00
399905.SZ,中证500,2019-05-15,get_index_component,000905,000905.SH,中证500,XSHG,002690.SZ,美亚光电,XSHE,2019-05-15 00:00:00,0.2,2016-12-12 00:00:00,2025-06-16 00:00:00
399905.SZ,中证500,2019-05-15,get_index_component,000905,000905.SH,中证500,XSHG,002699.SZ,美盛文化,XSHE,2019-05-15 00:00:00,0.07,2016-06-13 00:00:00,2019-12-16 00:00:00
399905.SZ,中证500,2019-05-15,get_index_component,000905,000905.SH,中证500,XSHG,002701.SZ,奥瑞金,XSHE,2019-05-15 00:00:00,0.16,2013-07-01 00:00:00,2023-06-12 00:00:00
399905.SZ,中证500,2019-05-15,get_index_component,000905,000905.SH,中证500,XSHG,002707.SZ,众信旅游,XSHE,2019-05-15 00:00:00,0.09,2016-12-12 00:00:00,2019-12-16 00:00:00
399905.SZ,中证500,2019-05-15,get_index_component,000905,000905.SH,中证500,XSHG,002709.SZ,天赐材料,XSHE,2019-05-15 00:00:00,0.12,2017-06-12 00:00:00,2021-12-13 00:00:00
399905.SZ,中证500,2019-05-15,get_index_component,000905,000905.SH,中证500,XSHG,002745.SZ,木林森,XSHE,2019-05-15 00:00:00,0.13,2017-12-11 00:00:00,2023-12-11 00:00:00
399905.SZ,中证500,2019-05-15,get_index_component,000905,000905.SH,中证500,XSHG,002807.SZ,江阴银行,XSHE,2019-05-15 00:00:00,0.15,2017-06-12 00:00:00,2021-06-15 00:00:00
399905.SZ,中证500,2019-05-15,get_index_component,000905,000905.SH,中证500,XSHG,002815.SZ,崇达技术,XSHE,2019-05-15 00:00:00,0.1,2017-06-12 00:00:00,2022-12-12 00:00:00
399905.SZ,中证500,2019-05-15,get_index_component,000905,000905.SH,中证500,XSHG,002818.SZ,富森美,XSHE,2019-05-15 00:00:00,0.08,2017-06-12 00:00:00,2021-12-13 00:00:00
399905.SZ,中证500,2019-05-15,get_index_component,000905,000905.SH,中证500,XSHG,002831.SZ,裕同科技,XSHE,2019-05-15 00:00:00,0.16,2018-06-11 00:00:00,
399905.SZ,中证500,2019-05-15,get_index_component,000905,000905.SH,中证500,XSHG,002839.SZ,张家港行,XSHE,2019-05-15 00:00:00,0.16,2018-06-11 00:00:00,2021-12-13 00:00:00
399905.SZ,中证500,2019-05-15,get_index_component,000905,000905.SH,中证500,XSHG,002916.SZ,深南电路,XSHE,2019-05-15 00:00:00,0.27,2018-06-11 00:00:00,2019-12-16 00:00:00
399905.SZ,中证500,2019-05-15,get_index_component,000905,000905.SH,中证500,XSHG,002920.SZ,德赛西威,XSHE,2019-05-15 00:00:00,0.07,2018-06-11 00:00:00,2021-06-15 00:00:00
399905.SZ,中证500,2019-05-15,get_index_component,000905,000905.SH,中证500,XSHG,300001.SZ,特锐德,XSHE,2019-05-15 00:00:00,0.26,2016-06-13 00:00:00,
399905.SZ,中证500,2019-05-15,get_index_component,000905,000905.SH,中证500,XSHG,300002.SZ,神州泰岳,XSHE,2019-05-15 00:00:00,0.18,2017-06-12 00:00:00,2021-12-13 00:00:00
399905.SZ,中证500,2019-05-15,get_index_component,000905,000905.SH,中证500,XSHG,300010.SZ,立思辰,XSHE,2019-05-15 00:00:00,0.17,2016-06-13 00:00:00,2021-12-13 00:00:00
399905.SZ,中证500,2019-05-15,get_index_component,000905,000905.SH,中证500,XSHG,300026.SZ,红日药业,XSHE,2019-05-15 00:00:00,0.17,2015-12-14 00:00:00,2024-06-17 00:00:00
399905.SZ,中证500,2019-05-15,get_index_component,000905,000905.SH,中证500,XSHG,300027.SZ,华谊兄弟,XSHE,2019-05-15 00:00:00,0.27,2018-12-17 00:00:00,2020-06-15 00:00:00
399905.SZ,中证500,2019-05-15,get_index_component,000905,000905.SH,中证500,XSHG,300055.SZ,万邦达,XSHE,2019-05-15 00:00:00,0.14,2015-12-14 00:00:00,2019-12-16 00:00:00
399905.SZ,中证500,2019-05-15,get_index_component,000905,000905.SH,中证500,XSHG,300058.SZ,蓝色光标,XSHE,2019-05-15 00:00:00,0.2,2017-06-12 00:00:00,
399905.SZ,中证500,2019-05-15,get_index_component,000905,000905.SH,中证500,XSHG,300088.SZ,长信科技,XSHE,2019-05-15 00:00:00,0.26,2014-12-15 00:00:00,2024-12-16 00:00:00
399905.SZ,中证500,2019-05-15,get_index_component,000905,000905.SH,中证500,XSHG,300113.SZ,顺网科技,XSHE,2019-05-15 00:00:00,0.21,2016-06-13 00:00:00,2021-12-13 00:00:00
399905.SZ,中证500,2019-05-15,get_index_component,000905,000905.SH,中证500,XSHG,300115.SZ,长盈精密,XSHE,2019-05-15 00:00:00,0.16,2014-12-15 00:00:00,2023-12-11 00:00:00
399905.SZ,中证500,2019-05-15,get_index_component,000905,000905.SH,中证500,XSHG,300133.SZ,华策影视,XSHE,2019-05-15 00:00:00,0.13,2017-12-11 00:00:00,2022-06-13 00:00:00
399905.SZ,中证500,2019-05-15,get_index_component,000905,000905.SH,中证500,XSHG,300134.SZ,大富科技,XSHE,2019-05-15 00:00:00,0.15,2014-12-15 00:00:00,2021-06-15 00:00:00
399905.SZ,中证500,2019-05-15,get_index_component,000905,000905.SH,中证500,XSHG,300146.SZ,汤臣倍健,XSHE,2019-05-15 00:00:00,0.51,2017-06-12 00:00:00,2019-06-17 00:00:00
399905.SZ,中证500,2019-05-15,get_index_component,000905,000905.SH,中证500,XSHG,300156.SZ,神雾环保,XSHE,2019-05-15 00:00:00,0.05,2018-06-11 00:00:00,2019-06-17 00:00:00
399905.SZ,中证500,2019-05-15,get_index_component,000905,000905.SH,中证500,XSHG,300159.SZ,新研股份,XSHE,2019-05-15 00:00:00,0.13,2016-12-12 00:00:00,2020-06-15 00:00:00
399905.SZ,中证500,2019-05-15,get_index_component,000905,000905.SH,中证500,XSHG,300166.SZ,东方国信,XSHE,2019-05-15 00:00:00,0.25,2016-06-13 00:00:00,2022-12-12 00:00:00
399905.SZ,中证500,2019-05-15,get_index_component,000905,000905.SH,中证500,XSHG,300168.SZ,万达信息,XSHE,2019-05-15 00:00:00,0.33,2018-12-17 00:00:00,2023-06-12 00:00:00
399905.SZ,中证500,2019-05-15,get_index_component,000905,000905.SH,中证500,XSHG,300182.SZ,捷成股份,XSHE,2019-05-15 00:00:00,0.21,2017-12-11 00:00:00,2023-12-11 00:00:00
399905.SZ,中证500,2019-05-15,get_index_component,000905,000905.SH,中证500,XSHG,300197.SZ,铁汉生态,XSHE,2019-05-15 00:00:00,0.13,2017-12-11 00:00:00,2020-12-14 00:00:00
399905.SZ,中证500,2019-05-15,get_index_component,000905,000905.SH,中证500,XSHG,300199.SZ,翰宇药业,XSHE,2019-05-15 00:00:00,0.15,2015-06-15 00:00:00,2020-06-15 00:00:00
399905.SZ,中证500,2019-05-15,get_index_component,000905,000905.SH,中证500,XSHG,300202.SZ,聚龙股份,XSHE,2019-05-15 00:00:00,0.06,2014-12-15 00:00:00,2019-06-17 00:00:00
399905.SZ,中证500,2019-05-15,get_index_component,000905,000905.SH,中证500,XSHG,300244.SZ,迪安诊断,XSHE,2019-05-15 00:00:00,0.16,2015-06-15 00:00:00,2024-06-17 00:00:00
399905.SZ,中证500,2019-05-15,get_index_component,000905,000905.SH,中证500,XSHG,300253.SZ,卫宁软件,XSHE,2019-05-15 00:00:00,0.4,2014-12-15 00:00:00,2020-12-14 00:00:00
399905.SZ,中证500,2019-05-15,get_index_component,000905,000905.SH,中证500,XSHG,300257.SZ,开山股份,XSHE,2019-05-15 00:00:00,0.11,2015-12-14 00:00:00,2024-06-17 00:00:00
399905.SZ,中证500,2019-05-15,get_index_component,000905,000905.SH,中证500,XSHG,300266.SZ,兴源环境,XSHE,2019-05-15 00:00:00,0.13,2016-12-12 00:00:00,2019-12-16 00:00:00
399905.SZ,中证500,2019-05-15,get_index_component,000905,000905.SH,中证500,XSHG,300274.SZ,阳光电源,XSHE,2019-05-15 00:00:00,0.3,2015-06-15 00:00:00,2021-06-15 00:00:00
399905.SZ,中证500,2019-05-15,get_index_component,000905,000905.SH,中证500,XSHG,300287.SZ,飞利信,XSHE,2019-05-15 00:00:00,0.13,2016-06-13 00:00:00,2019-12-16 00:00:00
399905.SZ,中证500,2019-05-15,get_index_component,000905,000905.SH,中证500,XSHG,300291.SZ,华录百纳,XSHE,2019-05-15 00:00:00,0.07,2015-06-15 00:00:00,2019-06-17 00:00:00
399905.SZ,中证500,2019-05-15,get_index_component,000905,000905.SH,中证500,XSHG,300297.SZ,蓝盾股份,XSHE,2019-05-15 00:00:00,0.1,2016-12-12 00:00:00,2020-06-15 00:00:00
399905.SZ,中证500,2019-05-15,get_index_component,000905,000905.SH,中证500,XSHG,300308.SZ,中际旭创,XSHE,2019-05-15 00:00:00,0.12,2018-06-11 00:00:00,2020-06-15 00:00:00
399905.SZ,中证500,2019-05-15,get_index_component,000905,000905.SH,中证500,XSHG,300315.SZ,掌趣科技,XSHE,2019-05-15 00:00:00,0.28,2018-06-11 00:00:00,2022-06-13 00:00:00
399905.SZ,中证500,2019-05-15,get_index_component,000905,000905.SH,中证500,XSHG,300316.SZ,晶盛机电,XSHE,2019-05-15 00:00:00,0.21,2018-12-17 00:00:00,2021-12-13 00:00:00
399905.SZ,中证500,2019-05-15,get_index_component,000905,000905.SH,中证500,XSHG,300324.SZ,旋极信息,XSHE,2019-05-15 00:00:00,0.18,2016-12-12 00:00:00,2021-06-15 00:00:00
399905.SZ,中证500,2019-05-15,get_index_component,000905,000905.SH,中证500,XSHG,300347.SZ,泰格医药,XSHE,2019-05-15 00:00:00,0.67,2018-12-17 00:00:00,2019-06-17 00:00:00
399905.SZ,中证500,2019-05-15,get_index_component,000905,000905.SH,中证500,XSHG,300376.SZ,易事特,XSHE,2019-05-15 00:00:00,0.13,2017-06-12 00:00:00,2023-06-12 00:00:00
399905.SZ,中证500,2019-05-15,get_index_component,000905,000905.SH,中证500,XSHG,300383.SZ,光环新网,XSHE,2019-05-15 00:00:00,0.42,2017-06-12 00:00:00,2020-06-15 00:00:00
399905.SZ,中证500,2019-05-15,get_index_component,000905,000905.SH,中证500,XSHG,300413.SZ,芒果超媒,XSHE,2019-05-15 00:00:00,0.35,2018-12-17 00:00:00,2019-06-17 00:00:00
399905.SZ,中证500,2019-05-15,get_index_component,000905,000905.SH,中证500,XSHG,300418.SZ,昆仑万维,XSHE,2019-05-15 00:00:00,0.27,2018-06-11 00:00:00,2024-06-17 00:00:00
399905.SZ,中证500,2019-05-15,get_index_component,000905,000905.SH,中证500,XSHG,300450.SZ,先导智能,XSHE,2019-05-15 00:00:00,0.37,2018-12-17 00:00:00,2019-12-16 00:00:00
399905.SZ,中证500,2019-05-15,get_index_component,000905,000905.SH,中证500,XSHG,300459.SZ,金科文化,XSHE,2019-05-15 00:00:00,0.18,2018-12-17 00:00:00,2021-06-15 00:00:00
399905.SZ,中证500,2019-05-15,get_index_component,000905,000905.SH,中证500,XSHG,600006.SH,东风汽车,XSHG,2019-05-15 00:00:00,0.12,2013-07-01 00:00:00,2023-06-12 00:00:00
399905.SZ,中证500,2019-05-15,get_index_component,000905,000905.SH,中证500,XSHG,600008.SH,首创股份,XSHG,2019-05-15 00:00:00,0.22,2018-12-17 00:00:00,
399905.SZ,中证500,2019-05-15,get_index_component,000905,000905.SH,中证500,XSHG,600017.SH,日照港,XSHG,2019-05-15 00:00:00,0.16,2011-07-01 00:00:00,2020-12-14 00:00:00
399905.SZ,中证500,2019-05-15,get_index_component,000905,000905.SH,中证500,XSHG,600021.SH,上海电力,XSHG,2019-05-15 00:00:00,0.24,2018-06-11 00:00:00,
399905.SZ,中证500,2019-05-15,get_index_component,000905,000905.SH,中证500,XSHG,600022.SH,山东钢铁,XSHG,2019-05-15 00:00:00,0.3,2016-12-12 00:00:00,2024-12-16 00:00:00
399905.SZ,中证500,2019-05-15,get_index_component,000905,000905.SH,中证500,XSHG,600026.SH,中海发展,XSHG,2019-05-15 00:00:00,0.24,2013-07-01 00:00:00,2023-06-12 00:00:00
399905.SZ,中证500,2019-05-15,get_index_component,000905,000905.SH,中证500,XSHG,600037.SH,歌华有线,XSHG,2019-05-15 00:00:00,0.21,2017-12-11 00:00:00,2022-12-12 00:00:00
399905.SZ,中证500,2019-05-15,get_index_component,000905,000905.SH,中证500,XSHG,600039.SH,四川路桥,XSHG,2019-05-15 00:00:00,0.22,2013-07-01 00:00:00,2022-12-12 00:00:00
399905.SZ,中证500,2019-05-15,get_index_component,000905,000905.SH,中证500,XSHG,600053.SH,九鼎投资,XSHG,2019-05-15 00:00:00,0.1,2016-06-13 00:00:00,2021-06-15 00:00:00
399905.SZ,中证500,2019-05-15,get_index_component,000905,000905.SH,中证500,XSHG,600056.SH,中国医药,XSHG,2019-05-15 00:00:00,0.2,2007-01-15 00:00:00,2025-12-15 00:00:00
399905.SZ,中证500,2019-05-15,get_index_component,000905,000905.SH,中证500,XSHG,600058.SH,五矿发展,XSHG,2019-05-15 00:00:00,0.09,2015-06-15 00:00:00,2020-12-14 00:00:00
399905.SZ,中证500,2019-05-15,get_index_component,000905,000905.SH,中证500,XSHG,600060.SH,海信电器,XSHG,2019-05-15 00:00:00,0.19,2017-12-11 00:00:00,
399905.SZ,中证500,2019-05-15,get_index_component,000905,000905.SH,中证500,XSHG,600062.SH,华润双鹤,XSHG,2019-05-15 00:00:00,0.19,2014-12-15 00:00:00,
399905.SZ,中证500,2019-05-15,get_index_component,000905,000905.SH,中证500,XSHG,600064.SH,南京高科,XSHG,2019-05-15 00:00:00,0.26,2008-07-01 00:00:00,2023-06-12 00:00:00
399905.SZ,中证500,2019-05-15,get_index_component,000905,000905.SH,中证500,XSHG,600073.SH,上海梅林,XSHG,2019-05-15 00:00:00,0.19,2007-07-02 00:00:00,2021-06-15 00:00:00
399905.SZ,中证500,2019-05-15,get_index_component,000905,000905.SH,中证500,XSHG,600079.SH,人福医药,XSHG,2019-05-15 00:00:00,0.27,2015-06-15 00:00:00,2021-06-15 00:00:00
399905.SZ,中证500,2019-05-15,get_index_component,000905,000905.SH,中证500,XSHG,600086.SH,东方金钰,XSHG,2019-05-15 00:00:00,0.09,2007-01-15 00:00:00,2019-06-17 00:00:00
399905.SZ,中证500,2019-05-15,get_index_component,000905,000905.SH,中证500,XSHG,600094.SH,大名城,XSHG,2019-05-15 00:00:00,0.3,2015-12-14 00:00:00,2021-12-13 00:00:00
399905.SZ,中证500,2019-05-15,get_index_component,000905,000905.SH,中证500,XSHG,600098.SH,广州发展,XSHG,2019-05-15 00:00:00,0.14,2016-12-12 00:00:00,2020-06-15 00:00:00
399905.SZ,中证500,2019-05-15,get_index_component,000905,000905.SH,中证500,XSHG,600120.SH,浙江东方,XSHG,2019-05-15 00:00:00,0.2,2013-12-16 00:00:00,2022-12-12 00:00:00
399905.SZ,中证500,2019-05-15,get_index_component,000905,000905.SH,中证500,XSHG,600122.SH,宏图高科,XSHG,2019-05-15 00:00:00,0.1,2007-01-15 00:00:00,2019-06-17 00:00:00
399905.SZ,中证500,2019-05-15,get_index_component,000905,000905.SH,中证500,XSHG,600125.SH,铁龙物流,XSHG,2019-05-15 00:00:00,0.18,2013-12-16 00:00:00,2020-12-14 00:00:00
399905.SZ,中证500,2019-05-15,get_index_component,000905,000905.SH,中证500,XSHG,600126.SH,杭钢股份,XSHG,2019-05-15 00:00:00,0.07,2017-06-12 00:00:00,
399905.SZ,中证500,2019-05-15,get_index_component,000905,000905.SH,中证500,XSHG,600138.SH,中青旅,XSHG,2019-05-15 00:00:00,0.21,2007-01-15 00:00:00,2020-12-14 00:00:00
399905.SZ,中证500,2019-05-15,get_index_component,000905,000905.SH,中证500,XSHG,600141.SH,兴发集团,XSHG,2019-05-15 00:00:00,0.12,2009-01-05 00:00:00,
399905.SZ,中证500,2019-05-15,get_index_component,000905,000905.SH,中证500,XSHG,600143.SH,金发科技,XSHG,2019-05-15 00:00:00,0.25,2015-06-15 00:00:00,2021-06-15 00:00:00
399905.SZ,中证500,2019-05-15,get_index_component,000905,000905.SH,中证500,XSHG,600151.SH,航天机电,XSHG,2019-05-15 00:00:00,0.15,2012-07-02 00:00:00,2019-12-16 00:00:00
399905.SZ,中证500,2019-05-15,get_index_component,000905,000905.SH,中证500,XSHG,600155.SH,宝硕股份,XSHG,2019-05-15 00:00:00,0.19,2017-12-11 00:00:00,2025-12-15 00:00:00
399905.SZ,中证500,2019-05-15,get_index_component,000905,000905.SH,中证500,XSHG,600158.SH,中体产业,XSHG,2019-05-15 00:00:00,0.19,2010-07-01 00:00:00,2022-06-13 00:00:00
399905.SZ,中证500,2019-05-15,get_index_component,000905,000905.SH,中证500,XSHG,600160.SH,巨化股份,XSHG,2019-05-15 00:00:00,0.28,2014-06-16 00:00:00,2024-06-17 00:00:00
399905.SZ,中证500,2019-05-15,get_index_component,000905,000905.SH,中证500,XSHG,600161.SH,天坛生物,XSHG,2019-05-15 00:00:00,0.3,2012-07-02 00:00:00,2020-12-14 00:00:00
399905.SZ,中证500,2019-05-15,get_index_component,000905,000905.SH,中证500,XSHG,600166.SH,福田汽车,XSHG,2019-05-15 00:00:00,0.33,2016-06-13 00:00:00,
399905.SZ,中证500,2019-05-15,get_index_component,000905,000905.SH,中证500,XSHG,600167.SH,联美控股,XSHG,2019-05-15 00:00:00,0.23,2018-06-11 00:00:00,2024-06-17 00:00:00
399905.SZ,中证500,2019-05-15,get_index_component,000905,000905.SH,中证500,XSHG,600169.SH,太原重工,XSHG,2019-05-15 00:00:00,0.13,2014-06-16 00:00:00,2019-12-16 00:00:00
399905.SZ,中证500,2019-05-15,get_index_component,000905,000905.SH,中证500,XSHG,600171.SH,上海贝岭,XSHG,2019-05-15 00:00:00,0.22,2008-01-02 00:00:00,2023-12-11 00:00:00
399905.SZ,中证500,2019-05-15,get_index_component,000905,000905.SH,中证500,XSHG,600179.SH,ST安通,XSHG,2019-05-15 00:00:00,0.11,2017-12-11 00:00:00,2019-12-16 00:00:00
399905.SZ,中证500,2019-05-15,get_index_component,000905,000905.SH,中证500,XSHG,600183.SH,生益科技,XSHG,2019-05-15 00:00:00,0.37,2013-01-04 00:00:00,2019-12-16 00:00:00
399905.SZ,中证500,2019-05-15,get_index_component,000905,000905.SH,中证500,XSHG,600184.SH,光电股份,XSHG,2019-05-15 00:00:00,0.06,2012-01-04 00:00:00,2019-06-17 00:00:00
399905.SZ,中证500,2019-05-15,get_index_component,000905,000905.SH,中证500,XSHG,600195.SH,中牧股份,XSHG,2019-05-15 00:00:00,0.1,2008-07-01 00:00:00,2023-12-11 00:00:00
399905.SZ,中证500,2019-05-15,get_index_component,000905,000905.SH,中证500,XSHG,600201.SH,金宇集团,XSHG,2019-05-15 00:00:00,0.49,2014-06-16 00:00:00,2023-06-12 00:00:00
399905.SZ,中证500,2019-05-15,get_index_component,000905,000905.SH,中证500,XSHG,600216.SH,浙江医药,XSHG,2019-05-15 00:00:00,0.21,2014-12-15 00:00:00,2023-06-12 00:00:00
399905.SZ,中证500,2019-05-15,get_index_component,000905,000905.SH,中证500,XSHG,600240.SH,华业地产,XSHG,2019-05-15 00:00:00,0.05,2007-01-15 00:00:00,2019-06-17 00:00:00
399905.SZ,中证500,2019-05-15,get_index_component,000905,000905.SH,中证500,XSHG,600256.SH,广汇能源,XSHG,2019-05-15 00:00:00,0.42,2017-12-11 00:00:00,2019-06-17 00:00:00
399905.SZ,中证500,2019-05-15,get_index_component,000905,000905.SH,中证500,XSHG,600258.SH,首旅酒店,XSHG,2019-05-15 00:00:00,0.25,2018-06-11 00:00:00,2025-12-15 00:00:00
399905.SZ,中证500,2019-05-15,get_index_component,000905,000905.SH,中证500,XSHG,600259.SH,广晟有色,XSHG,2019-05-15 00:00:00,0.15,2014-12-15 00:00:00,2023-12-11 00:00:00
399905.SZ,中证500,2019-05-15,get_index_component,000905,000905.SH,中证500,XSHG,600260.SH,凯乐科技,XSHG,2019-05-15 00:00:00,0.26,2013-01-04 00:00:00,2021-09-13 00:00:00
399905.SZ,中证500,2019-05-15,get_index_component,000905,000905.SH,中证500,XSHG,600266.SH,北京城建,XSHG,2019-05-15 00:00:00,0.25,2016-06-13 00:00:00,2022-06-13 00:00:00
399905.SZ,中证500,2019-05-15,get_index_component,000905,000905.SH,中证500,XSHG,600267.SH,海正药业,XSHG,2019-05-15 00:00:00,0.18,2015-06-15 00:00:00,2019-12-16 00:00:00
399905.SZ,中证500,2019-05-15,get_index_component,000905,000905.SH,中证500,XSHG,600277.SH,亿利洁能,XSHG,2019-05-15 00:00:00,0.3,2016-06-13 00:00:00,2021-06-15 00:00:00
399905.SZ,中证500,2019-05-15,get_index_component,000905,000905.SH,中证500,XSHG,600280.SH,中央商场,XSHG,2019-05-15 00:00:00,0.06,2013-12-16 00:00:00,2019-12-16 00:00:00
399905.SZ,中证500,2019-05-15,get_index_component,000905,000905.SH,中证500,XSHG,600282.SH,南钢股份,XSHG,2019-05-15 00:00:00,0.25,2015-12-14 00:00:00,
399905.SZ,中证500,2019-05-15,get_index_component,000905,000905.SH,中证500,XSHG,600291.SH,西水股份,XSHG,2019-05-15 00:00:00,0.16,2016-12-12 00:00:00,2021-06-15 00:00:00
399905.SZ,中证500,2019-05-15,get_index_component,000905,000905.SH,中证500,XSHG,600298.SH,安琪酵母,XSHG,2019-05-15 00:00:00,0.37,2008-01-02 00:00:00,2020-12-14 00:00:00
399905.SZ,中证500,2019-05-15,get_index_component,000905,000905.SH,中证500,XSHG,600307.SH,酒钢宏兴,XSHG,2019-05-15 00:00:00,0.17,2016-12-12 00:00:00,2023-06-12 00:00:00
399905.SZ,中证500,2019-05-15,get_index_component,000905,000905.SH,中证500,XSHG,600312.SH,平高电气,XSHG,2019-05-15 00:00:00,0.17,2012-07-02 00:00:00,2021-12-13 00:00:00
399905.SZ,中证500,2019-05-15,get_index_component,000905,000905.SH,中证500,XSHG,600315.SH,上海家化,XSHG,2019-05-15 00:00:00,0.27,2016-12-12 00:00:00,2024-12-16 00:00:00
399905.SZ,中证500,2019-05-15,get_index_component,000905,000905.SH,中证500,XSHG,600316.SH,洪都航空,XSHG,2019-05-15 00:00:00,0.17,2015-12-14 00:00:00,
399905.SZ,中证500,2019-05-15,get_index_component,000905,000905.SH,中证500,XSHG,600325.SH,华发股份,XSHG,2019-05-15 00:00:00,0.37,2011-07-01 00:00:00,2025-12-15 00:00:00
399905.SZ,中证500,2019-05-15,get_index_component,000905,000905.SH,中证500,XSHG,600329.SH,中新药业,XSHG,2019-05-15 00:00:00,0.12,2010-01-04 00:00:00,
399905.SZ,中证500,2019-05-15,get_index_component,000905,000905.SH,中证500,XSHG,600335.SH,国机汽车,XSHG,2019-05-15 00:00:00,0.09,2013-07-01 00:00:00,2020-12-14 00:00:00
399905.SZ,中证500,2019-05-15,get_index_component,000905,000905.SH,中证500,XSHG,600338.SH,西藏珠峰,XSHG,2019-05-15 00:00:00,0.17,2016-12-12 00:00:00,2021-06-15 00:00:00
399905.SZ,中证500,2019-05-15,get_index_component,000905,000905.SH,中证500,XSHG,600348.SH,阳泉煤业,XSHG,2019-05-15 00:00:00,0.19,2015-12-14 00:00:00,
399905.SZ,中证500,2019-05-15,get_index_component,000905,000905.SH,中证500,XSHG,600350.SH,山东高速,XSHG,2019-05-15 00:00:00,0.09,2018-06-11 00:00:00,2025-06-16 00:00:00
399905.SZ,中证500,2019-05-15,get_index_component,000905,000905.SH,中证500,XSHG,600366.SH,宁波韵升,XSHG,2019-05-15 00:00:00,0.13,2007-01-15 00:00:00,2019-06-17 00:00:00
399905.SZ,中证500,2019-05-15,get_index_component,000905,000905.SH,中证500,XSHG,600373.SH,中文传媒,XSHG,2019-05-15 00:00:00,0.2,2018-12-17 00:00:00,2025-12-15 00:00:00
399905.SZ,中证500,2019-05-15,get_index_component,000905,000905.SH,中证500,XSHG,600376.SH,首开股份,XSHG,2019-05-15 00:00:00,0.31,2018-12-17 00:00:00,2023-06-12 00:00:00
399905.SZ,中证500,2019-05-15,get_index_component,000905,000905.SH,中证500,XSHG,600380.SH,健康元,XSHG,2019-05-15 00:00:00,0.22,2012-07-02 00:00:00,
399905.SZ,中证500,2019-05-15,get_index_component,000905,000905.SH,中证500,XSHG,600388.SH,龙净环保,XSHG,2019-05-15 00:00:00,0.24,2015-12-14 00:00:00,2021-12-13 00:00:00
399905.SZ,中证500,2019-05-15,get_index_component,000905,000905.SH,中证500,XSHG,600392.SH,盛和资源,XSHG,2019-05-15 00:00:00,0.28,2013-12-16 00:00:00,
399905.SZ,中证500,2019-05-15,get_index_component,000905,000905.SH,中证500,XSHG,600393.SH,粤泰股份,XSHG,2019-05-15 00:00:00,0.11,2017-12-11 00:00:00,2019-12-16 00:00:00
399905.SZ,中证500,2019-05-15,get_index_component,000905,000905.SH,中证500,XSHG,600409.SH,三友化工,XSHG,2019-05-15 00:00:00,0.21,2009-07-01 00:00:00,2023-12-11 00:00:00
399905.SZ,中证500,2019-05-15,get_index_component,000905,000905.SH,中证500,XSHG,600410.SH,华胜天成,XSHG,2019-05-15 00:00:00,0.41,2008-01-02 00:00:00,2021-12-13 00:00:00
399905.SZ,中证500,2019-05-15,get_index_component,000905,000905.SH,中证500,XSHG,600416.SH,湘电股份,XSHG,2019-05-15 00:00:00,0.11,2007-01-15 00:00:00,2019-12-16 00:00:00
399905.SZ,中证500,2019-05-15,get_index_component,000905,000905.SH,中证500,XSHG,600418.SH,江淮汽车,XSHG,2019-05-15 00:00:00,0.2,2013-01-04 00:00:00,2025-06-16 00:00:00
399905.SZ,中证500,2019-05-15,get_index_component,000905,000905.SH,中证500,XSHG,600426.SH,华鲁恒升,XSHG,2019-05-15 00:00:00,0.45,2011-01-04 00:00:00,2021-06-15 00:00:00
399905.SZ,中证500,2019-05-15,get_index_component,000905,000905.SH,中证500,XSHG,600428.SH,中远航运,XSHG,2019-05-15 00:00:00,0.09,2012-07-02 00:00:00,2020-12-14 00:00:00
399905.SZ,中证500,2019-05-15,get_index_component,000905,000905.SH,中证500,XSHG,600435.SH,中兵光电,XSHG,2019-05-15 00:00:00,0.22,2011-01-04 00:00:00,
399905.SZ,中证500,2019-05-15,get_index_component,000905,000905.SH,中证500,XSHG,600458.SH,时代新材,XSHG,2019-05-15 00:00:00,0.1,2007-01-15 00:00:00,2019-12-16 00:00:00
399905.SZ,中证500,2019-05-15,get_index_component,000905,000905.SH,中证500,XSHG,600460.SH,士兰微,XSHG,2019-05-15 00:00:00,0.35,2008-01-02 00:00:00,2021-12-13 00:00:00
399905.SZ,中证500,2019-05-15,get_index_component,000905,000905.SH,中证500,XSHG,600466.SH,蓝光发展,XSHG,2019-05-15 00:00:00,0.26,2016-06-13 00:00:00,2022-06-13 00:00:00
399905.SZ,中证500,2019-05-15,get_index_component,000905,000905.SH,中证500,XSHG,600478.SH,科力远,XSHG,2019-05-15 00:00:00,0.18,2009-07-01 00:00:00,2020-12-14 00:00:00
399905.SZ,中证500,2019-05-15,get_index_component,000905,000905.SH,中证500,XSHG,600499.SH,科达洁能,XSHG,2019-05-15 00:00:00,0.16,2014-12-15 00:00:00,2020-06-15 00:00:00
399905.SZ,中证500,2019-05-15,get_index_component,000905,000905.SH,中证500,XSHG,600500.SH,中化国际,XSHG,2019-05-15 00:00:00,0.21,2015-06-15 00:00:00,2025-06-16 00:00:00
399905.SZ,中证500,2019-05-15,get_index_component,000905,000905.SH,中证500,XSHG,600503.SH,华丽家族,XSHG,2019-05-15 00:00:00,0.17,2015-12-14 00:00:00,2019-06-17 00:00:00
399905.SZ,中证500,2019-05-15,get_index_component,000905,000905.SH,中证500,XSHG,600507.SH,方大特钢,XSHG,2019-05-15 00:00:00,0.2,2018-12-17 00:00:00,2023-12-11 00:00:00
399905.SZ,中证500,2019-05-15,get_index_component,000905,000905.SH,中证500,XSHG,600511.SH,国药股份,XSHG,2019-05-15 00:00:00,0.19,2010-07-01 00:00:00,
399905.SZ,中证500,2019-05-15,get_index_component,000905,000905.SH,中证500,XSHG,600525.SH,长园集团,XSHG,2019-05-15 00:00:00,0.2,2009-01-05 00:00:00,2019-12-16 00:00:00
399905.SZ,中证500,2019-05-15,get_index_component,000905,000905.SH,中证500,XSHG,600528.SH,中铁工业,XSHG,2019-05-15 00:00:00,0.32,2018-06-11 00:00:00,2026-06-15 00:00:00
399905.SZ,中证500,2019-05-15,get_index_component,000905,000905.SH,中证500,XSHG,600536.SH,中国软件,XSHG,2019-05-15 00:00:00,0.41,2014-06-16 00:00:00,2020-06-15 00:00:00
399905.SZ,中证500,2019-05-15,get_index_component,000905,000905.SH,中证500,XSHG,600545.SH,新疆城建,XSHG,2019-05-15 00:00:00,0.11,2010-07-01 00:00:00,2021-06-15 00:00:00
399905.SZ,中证500,2019-05-15,get_index_component,000905,000905.SH,中证500,XSHG,600557.SH,康缘药业,XSHG,2019-05-15 00:00:00,0.17,2007-01-15 00:00:00,2020-12-14 00:00:00
399905.SZ,中证500,2019-05-15,get_index_component,000905,000905.SH,中证500,XSHG,600563.SH,法拉电子,XSHG,2019-05-15 00:00:00,0.15,2007-01-15 00:00:00,
399905.SZ,中证500,2019-05-15,get_index_component,000905,000905.SH,中证500,XSHG,600565.SH,迪马股份,XSHG,2019-05-15 00:00:00,0.16,2016-06-13 00:00:00,2020-12-14 00:00:00
399905.SZ,中证500,2019-05-15,get_index_component,000905,000905.SH,中证500,XSHG,600567.SH,山鹰纸业,XSHG,2019-05-15 00:00:00,0.31,2018-12-17 00:00:00,2023-06-12 00:00:00
399905.SZ,中证500,2019-05-15,get_index_component,000905,000905.SH,中证500,XSHG,600572.SH,康恩贝,XSHG,2019-05-15 00:00:00,0.34,2012-01-04 00:00:00,2022-12-12 00:00:00
399905.SZ,中证500,2019-05-15,get_index_component,000905,000905.SH,中证500,XSHG,600575.SH,皖江物流,XSHG,2019-05-15 00:00:00,0.17,2017-12-11 00:00:00,2021-06-15 00:00:00
399905.SZ,中证500,2019-05-15,get_index_component,000905,000905.SH,中证500,XSHG,600580.SH,卧龙电气,XSHG,2019-05-15 00:00:00,0.15,2007-01-15 00:00:00,2026-06-15 00:00:00
399905.SZ,中证500,2019-05-15,get_index_component,000905,000905.SH,中证500,XSHG,600582.SH,天地科技,XSHG,2019-05-15 00:00:00,0.16,2017-06-12 00:00:00,
399905.SZ,中证500,2019-05-15,get_index_component,000905,000905.SH,中证500,XSHG,600584.SH,长电科技,XSHG,2019-05-15 00:00:00,0.29,2007-01-15 00:00:00,2020-06-15 00:00:00
399905.SZ,中证500,2019-05-15,get_index_component,000905,000905.SH,中证500,XSHG,600594.SH,益佰制药,XSHG,2019-05-15 00:00:00,0.1,2015-06-15 00:00:00,2019-06-17 00:00:00
399905.SZ,中证500,2019-05-15,get_index_component,000905,000905.SH,中证500,XSHG,600597.SH,光明乳业,XSHG,2019-05-15 00:00:00,0.17,2015-12-14 00:00:00,2024-06-17 00:00:00
399905.SZ,中证500,2019-05-15,get_index_component,000905,000905.SH,中证500,XSHG,600598.SH,北大荒,XSHG,2019-05-15 00:00:00,0.21,2017-12-11 00:00:00,
399905.SZ,中证500,2019-05-15,get_index_component,000905,000905.SH,中证500,XSHG,600600.SH,青岛啤酒,XSHG,2019-05-15 00:00:00,0.51,2016-12-12 00:00:00,2019-06-17 00:00:00
399905.SZ,中证500,2019-05-15,get_index_component,000905,000905.SH,中证500,XSHG,600611.SH,大众交通,XSHG,2019-05-15 00:00:00,0.14,2011-07-01 00:00:00,2019-12-16 00:00:00
399905.SZ,中证500,2019-05-15,get_index_component,000905,000905.SH,中证500,XSHG,600614.SH,鼎立股份,XSHG,2019-05-15 00:00:00,0.11,2013-01-04 00:00:00,2019-06-17 00:00:00
399905.SZ,中证500,2019-05-15,get_index_component,000905,000905.SH,中证500,XSHG,600618.SH,氯碱化工,XSHG,2019-05-15 00:00:00,0.06,2008-01-02 00:00:00,2019-06-17 00:00:00
399905.SZ,中证500,2019-05-15,get_index_component,000905,000905.SH,中证500,XSHG,600623.SH,华谊集团,XSHG,2019-05-15 00:00:00,0.13,2017-12-11 00:00:00,2023-12-11 00:00:00
399905.SZ,中证500,2019-05-15,get_index_component,000905,000905.SH,中证500,XSHG,600633.SH,浙报传媒,XSHG,2019-05-15 00:00:00,0.18,2016-06-13 00:00:00,2021-12-13 00:00:00
399905.SZ,中证500,2019-05-15,get_index_component,000905,000905.SH,中证500,XSHG,600639.SH,浦东金桥,XSHG,2019-05-15 00:00:00,0.1,2010-07-01 00:00:00,2022-06-13 00:00:00
399905.SZ,中证500,2019-05-15,get_index_component,000905,000905.SH,中证500,XSHG,600640.SH,号百控股,XSHG,2019-05-15 00:00:00,0.13,2013-12-16 00:00:00,2021-12-13 00:00:00
399905.SZ,中证500,2019-05-15,get_index_component,000905,000905.SH,中证500,XSHG,600642.SH,申能股份,XSHG,2019-05-15 00:00:00,0.44,2017-06-12 00:00:00,2025-06-16 00:00:00
399905.SZ,中证500,2019-05-15,get_index_component,000905,000905.SH,中证500,XSHG,600643.SH,爱建股份,XSHG,2019-05-15 00:00:00,0.27,2011-01-04 00:00:00,2022-06-13 00:00:00
399905.SZ,中证500,2019-05-15,get_index_component,000905,000905.SH,中证500,XSHG,600645.SH,中源协和,XSHG,2019-05-15 00:00:00,0.16,2013-01-04 00:00:00,2021-12-13 00:00:00
399905.SZ,中证500,2019-05-15,get_index_component,000905,000905.SH,中证500,XSHG,600648.SH,外高桥,XSHG,2019-05-15 00:00:00,0.21,2017-06-12 00:00:00,2023-06-12 00:00:00
399905.SZ,中证500,2019-05-15,get_index_component,000905,000905.SH,中证500,XSHG,600649.SH,城投控股,XSHG,2019-05-15 00:00:00,0.24,2018-06-11 00:00:00,2022-06-13 00:00:00
399905.SZ,中证500,2019-05-15,get_index_component,000905,000905.SH,中证500,XSHG,600655.SH,豫园商城,XSHG,2019-05-15 00:00:00,0.28,2015-06-15 00:00:00,2019-06-17 00:00:00
399905.SZ,中证500,2019-05-15,get_index_component,000905,000905.SH,中证500,XSHG,600657.SH,信达地产,XSHG,2019-05-15 00:00:00,0.1,2011-07-01 00:00:00,2022-06-13 00:00:00
399905.SZ,中证500,2019-05-15,get_index_component,000905,000905.SH,中证500,XSHG,600664.SH,哈药股份,XSHG,2019-05-15 00:00:00,0.19,2015-06-15 00:00:00,2021-06-15 00:00:00
399905.SZ,中证500,2019-05-15,get_index_component,000905,000905.SH,中证500,XSHG,600673.SH,东阳光铝,XSHG,2019-05-15 00:00:00,0.34,2008-07-01 00:00:00,2026-06-15 00:00:00
399905.SZ,中证500,2019-05-15,get_index_component,000905,000905.SH,中证500,XSHG,600687.SH,刚泰控股,XSHG,2019-05-15 00:00:00,0.03,2016-06-13 00:00:00,2019-06-17 00:00:00
399905.SZ,中证500,2019-05-15,get_index_component,000905,000905.SH,中证500,XSHG,600694.SH,大商股份,XSHG,2019-05-15 00:00:00,0.14,2014-06-16 00:00:00,2020-12-14 00:00:00
399905.SZ,中证500,2019-05-15,get_index_component,000905,000905.SH,中证500,XSHG,600699.SH,均胜电子,XSHG,2019-05-15 00:00:00,0.36,2018-12-17 00:00:00,
399905.SZ,中证500,2019-05-15,get_index_component,000905,000905.SH,中证500,XSHG,600717.SH,天津港,XSHG,2019-05-15 00:00:00,0.18,2016-06-13 00:00:00,2022-12-12 00:00:00
399905.SZ,中证500,2019-05-15,get_index_component,000905,000905.SH,中证500,XSHG,600718.SH,东软集团,XSHG,2019-05-15 00:00:00,0.3,2017-12-11 00:00:00,2023-12-11 00:00:00
399905.SZ,中证500,2019-05-15,get_index_component,000905,000905.SH,中证500,XSHG,600729.SH,重庆百货,XSHG,2019-05-15 00:00:00,0.21,2013-01-04 00:00:00,2022-06-13 00:00:00
399905.SZ,中证500,2019-05-15,get_index_component,000905,000905.SH,中证500,XSHG,600737.SH,中粮糖业,XSHG,2019-05-15 00:00:00,0.26,2017-12-11 00:00:00,
399905.SZ,中证500,2019-05-15,get_index_component,000905,000905.SH,中证500,XSHG,600743.SH,华远地产,XSHG,2019-05-15 00:00:00,0.07,2010-01-04 00:00:00,2019-06-17 00:00:00
399905.SZ,中证500,2019-05-15,get_index_component,000905,000905.SH,中证500,XSHG,600748.SH,上实发展,XSHG,2019-05-15 00:00:00,0.15,2011-07-01 00:00:00,2021-06-15 00:00:00
399905.SZ,中证500,2019-05-15,get_index_component,000905,000905.SH,中证500,XSHG,600750.SH,江中药业,XSHG,2019-05-15 00:00:00,0.11,2007-01-15 00:00:00,2019-12-16 00:00:00
399905.SZ,中证500,2019-05-15,get_index_component,000905,000905.SH,中证500,XSHG,600751.SH,天海投资,XSHG,2019-05-15 00:00:00,0.17,2015-12-14 00:00:00,2020-12-14 00:00:00
399905.SZ,中证500,2019-05-15,get_index_component,000905,000905.SH,中证500,XSHG,600754.SH,锦江股份,XSHG,2019-05-15 00:00:00,0.11,2017-06-12 00:00:00,2022-06-13 00:00:00
399905.SZ,中证500,2019-05-15,get_index_component,000905,000905.SH,中证500,XSHG,600755.SH,厦门国贸,XSHG,2019-05-15 00:00:00,0.29,2010-01-04 00:00:00,2025-06-16 00:00:00
399905.SZ,中证500,2019-05-15,get_index_component,000905,000905.SH,中证500,XSHG,600757.SH,长江传媒,XSHG,2019-05-15 00:00:00,0.12,2013-01-04 00:00:00,2020-12-14 00:00:00
399905.SZ,中证500,2019-05-15,get_index_component,000905,000905.SH,中证500,XSHG,600759.SH,正和股份,XSHG,2019-05-15 00:00:00,0.14,2009-01-05 00:00:00,2020-06-15 00:00:00
399905.SZ,中证500,2019-05-15,get_index_component,000905,000905.SH,中证500,XSHG,600765.SH,力源液压,XSHG,2019-05-15 00:00:00,0.14,2009-01-05 00:00:00,
399905.SZ,中证500,2019-05-15,get_index_component,000905,000905.SH,中证500,XSHG,600770.SH,综艺股份,XSHG,2019-05-15 00:00:00,0.13,2013-07-01 00:00:00,2020-12-14 00:00:00
399905.SZ,中证500,2019-05-15,get_index_component,000905,000905.SH,中证500,XSHG,600773.SH,西藏城投,XSHG,2019-05-15 00:00:00,0.1,2011-07-01 00:00:00,2019-06-17 00:00:00
399905.SZ,中证500,2019-05-15,get_index_component,000905,000905.SH,中证500,XSHG,600777.SH,新潮能源,XSHG,2019-05-15 00:00:00,0.13,2018-06-11 00:00:00,2020-12-14 00:00:00
399905.SZ,中证500,2019-05-15,get_index_component,000905,000905.SH,中证500,XSHG,600779.SH,水井坊,XSHG,2019-05-15 00:00:00,0.45,2018-12-17 00:00:00,2021-12-13 00:00:00
399905.SZ,中证500,2019-05-15,get_index_component,000905,000905.SH,中证500,XSHG,600782.SH,新钢股份,XSHG,2019-05-15 00:00:00,0.18,2018-12-17 00:00:00,2023-12-11 00:00:00
399905.SZ,中证500,2019-05-15,get_index_component,000905,000905.SH,中证500,XSHG,600787.SH,中储股份,XSHG,2019-05-15 00:00:00,0.14,2009-01-05 00:00:00,2023-06-12 00:00:00
399905.SZ,中证500,2019-05-15,get_index_component,000905,000905.SH,中证500,XSHG,600801.SH,华新水泥,XSHG,2019-05-15 00:00:00,0.35,2009-01-05 00:00:00,
399905.SZ,中证500,2019-05-15,get_index_component,000905,000905.SH,中证500,XSHG,600804.SH,鹏博士,XSHG,2019-05-15 00:00:00,0.35,2018-12-17 00:00:00,2021-12-13 00:00:00
399905.SZ,中证500,2019-05-15,get_index_component,000905,000905.SH,中证500,XSHG,600808.SH,马钢股份,XSHG,2019-05-15 00:00:00,0.27,2015-06-15 00:00:00,
399905.SZ,中证500,2019-05-15,get_index_component,000905,000905.SH,中证500,XSHG,600811.SH,东方集团,XSHG,2019-05-15 00:00:00,0.31,2014-06-16 00:00:00,2022-12-12 00:00:00
399905.SZ,中证500,2019-05-15,get_index_component,000905,000905.SH,中证500,XSHG,600820.SH,隧道股份,XSHG,2019-05-15 00:00:00,0.34,2018-12-17 00:00:00,
399905.SZ,中证500,2019-05-15,get_index_component,000905,000905.SH,中证500,XSHG,600823.SH,世茂股份,XSHG,2019-05-15 00:00:00,0.19,2017-12-11 00:00:00,2022-12-12 00:00:00
399905.SZ,中证500,2019-05-15,get_index_component,000905,000905.SH,中证500,XSHG,600827.SH,百联股份,XSHG,2019-05-15 00:00:00,0.22,2018-06-11 00:00:00,2024-12-16 00:00:00
399905.SZ,中证500,2019-05-15,get_index_component,000905,000905.SH,中证500,XSHG,600835.SH,上海机电,XSHG,2019-05-15 00:00:00,0.14,2011-01-04 00:00:00,2022-12-12 00:00:00
399905.SZ,中证500,2019-05-15,get_index_component,000905,000905.SH,中证500,XSHG,600839.SH,四川长虹,XSHG,2019-05-15 00:00:00,0.31,2017-06-12 00:00:00,2025-12-15 00:00:00
399905.SZ,中证500,2019-05-15,get_index_component,000905,000905.SH,中证500,XSHG,600848.SH,上海临港,XSHG,2019-05-15 00:00:00,0.28,2017-02-14 00:00:00,2019-12-16 00:00:00
399905.SZ,中证500,2019-05-15,get_index_component,000905,000905.SH,中证500,XSHG,600859.SH,王府井,XSHG,2019-05-15 00:00:00,0.14,2014-06-16 00:00:00,2025-12-15 00:00:00
399905.SZ,中证500,2019-05-15,get_index_component,000905,000905.SH,中证500,XSHG,600862.SH,中航高科,XSHG,2019-05-15 00:00:00,0.11,2016-12-12 00:00:00,
399905.SZ,中证500,2019-05-15,get_index_component,000905,000905.SH,中证500,XSHG,600863.SH,内蒙华电,XSHG,2019-05-15 00:00:00,0.23,2016-12-12 00:00:00,
399905.SZ,中证500,2019-05-15,get_index_component,000905,000905.SH,中证500,XSHG,600869.SH,三普药业,XSHG,2019-05-15 00:00:00,0.12,2012-01-04 00:00:00,2021-06-15 00:00:00
399905.SZ,中证500,2019-05-15,get_index_component,000905,000905.SH,中证500,XSHG,600872.SH,中炬高新,XSHG,2019-05-15 00:00:00,0.56,2007-01-15 00:00:00,2019-12-16 00:00:00
399905.SZ,中证500,2019-05-15,get_index_component,000905,000905.SH,中证500,XSHG,600874.SH,创业环保,XSHG,2019-05-15 00:00:00,0.1,2010-07-01 00:00:00,2020-12-14 00:00:00
399905.SZ,中证500,2019-05-15,get_index_component,000905,000905.SH,中证500,XSHG,600875.SH,东方电气,XSHG,2019-05-15 00:00:00,0.34,2017-12-11 00:00:00,2022-12-12 00:00:00
399905.SZ,中证500,2019-05-15,get_index_component,000905,000905.SH,中证500,XSHG,600879.SH,航天电子,XSHG,2019-05-15 00:00:00,0.38,2012-07-02 00:00:00,
399905.SZ,中证500,2019-05-15,get_index_component,000905,000905.SH,中证500,XSHG,600881.SH,亚泰集团,XSHG,2019-05-15 00:00:00,0.3,2013-12-16 00:00:00,2021-12-13 00:00:00
399905.SZ,中证500,2019-05-15,get_index_component,000905,000905.SH,中证500,XSHG,600884.SH,杉杉股份,XSHG,2019-05-15 00:00:00,0.18,2007-07-02 00:00:00,2022-06-13 00:00:00
399905.SZ,中证500,2019-05-15,get_index_component,000905,000905.SH,中证500,XSHG,600885.SH,宏发股份,XSHG,2019-05-15 00:00:00,0.28,2017-12-11 00:00:00,
399905.SZ,中证500,2019-05-15,get_index_component,000905,000905.SH,中证500,XSHG,600895.SH,张江高科,XSHG,2019-05-15 00:00:00,0.41,2018-06-11 00:00:00,2025-12-15 00:00:00
399905.SZ,中证500,2019-05-15,get_index_component,000905,000905.SH,中证500,XSHG,600901.SH,江苏租赁,XSHG,2019-05-15 00:00:00,0.15,2018-12-17 00:00:00,
399905.SZ,中证500,2019-05-15,get_index_component,000905,000905.SH,中证500,XSHG,600908.SH,无锡银行,XSHG,2019-05-15 00:00:00,0.15,2017-12-11 00:00:00,2022-06-13 00:00:00
399905.SZ,中证500,2019-05-15,get_index_component,000905,000905.SH,中证500,XSHG,600917.SH,重庆燃气,XSHG,2019-05-15 00:00:00,0.04,2015-06-15 00:00:00,2023-06-12 00:00:00
399905.SZ,中证500,2019-05-15,get_index_component,000905,000905.SH,中证500,XSHG,600939.SH,重庆建工,XSHG,2019-05-15 00:00:00,0.08,2017-12-11 00:00:00,2020-06-15 00:00:00
399905.SZ,中证500,2019-05-15,get_index_component,000905,000905.SH,中证500,XSHG,600959.SH,江苏有线,XSHG,2019-05-15 00:00:00,0.26,2018-12-17 00:00:00,2026-06-15 00:00:00
399905.SZ,中证500,2019-05-15,get_index_component,000905,000905.SH,中证500,XSHG,600967.SH,北方创业,XSHG,2019-05-15 00:00:00,0.25,2014-06-16 00:00:00,2024-12-16 00:00:00
399905.SZ,中证500,2019-05-15,get_index_component,000905,000905.SH,中证500,XSHG,600970.SH,中材国际,XSHG,2019-05-15 00:00:00,0.19,2014-06-16 00:00:00,
399905.SZ,中证500,2019-05-15,get_index_component,000905,000905.SH,中证500,XSHG,600971.SH,恒源煤电,XSHG,2019-05-15 00:00:00,0.1,2014-06-16 00:00:00,2019-12-16 00:00:00
399905.SZ,中证500,2019-05-15,get_index_component,000905,000905.SH,中证500,XSHG,600978.SH,宜华生活,XSHG,2019-05-15 00:00:00,0.13,2009-07-01 00:00:00,2019-12-16 00:00:00
399905.SZ,中证500,2019-05-15,get_index_component,000905,000905.SH,中证500,XSHG,600993.SH,马应龙,XSHG,2019-05-15 00:00:00,0.15,2010-01-04 00:00:00,2019-12-16 00:00:00
399905.SZ,中证500,2019-05-15,get_index_component,000905,000905.SH,中证500,XSHG,600996.SH,贵广网络,XSHG,2019-05-15 00:00:00,0.08,2017-06-12 00:00:00,2020-12-14 00:00:00
399905.SZ,中证500,2019-05-15,get_index_component,000905,000905.SH,中证500,XSHG,601000.SH,唐山港,XSHG,2019-05-15 00:00:00,0.24,2013-07-01 00:00:00,
399905.SZ,中证500,2019-05-15,get_index_component,000905,000905.SH,中证500,XSHG,601001.SH,大同煤业,XSHG,2019-05-15 00:00:00,0.11,2014-12-15 00:00:00,2020-06-15 00:00:00
399905.SZ,中证500,2019-05-15,get_index_component,000905,000905.SH,中证500,XSHG,601003.SH,柳钢股份,XSHG,2019-05-15 00:00:00,0.09,2018-12-17 00:00:00,2022-12-12 00:00:00
399905.SZ,中证500,2019-05-15,get_index_component,000905,000905.SH,中证500,XSHG,601005.SH,重庆钢铁,XSHG,2019-05-15 00:00:00,0.36,2018-12-17 00:00:00,2023-12-11 00:00:00
399905.SZ,中证500,2019-05-15,get_index_component,000905,000905.SH,中证500,XSHG,601016.SH,节能风电,XSHG,2019-05-15 00:00:00,0.13,2016-12-12 00:00:00,
399905.SZ,中证500,2019-05-15,get_index_component,000905,000905.SH,中证500,XSHG,601019.SH,山东出版,XSHG,2019-05-15 00:00:00,0.06,2018-06-11 00:00:00,2020-12-14 00:00:00
399905.SZ,中证500,2019-05-15,get_index_component,000905,000905.SH,中证500,XSHG,601020.SH,华钰矿业,XSHG,2019-05-15 00:00:00,0.04,2017-06-12 00:00:00,2019-06-17 00:00:00
399905.SZ,中证500,2019-05-15,get_index_component,000905,000905.SH,中证500,XSHG,601098.SH,中南传媒,XSHG,2019-05-15 00:00:00,0.25,2018-06-11 00:00:00,
399905.SZ,中证500,2019-05-15,get_index_component,000905,000905.SH,中证500,XSHG,601100.SH,恒立液压,XSHG,2019-05-15 00:00:00,0.21,2018-12-17 00:00:00,2020-06-15 00:00:00
399905.SZ,中证500,2019-05-15,get_index_component,000905,000905.SH,中证500,XSHG,601106.SH,中国一重,XSHG,2019-05-15 00:00:00,0.24,2018-12-17 00:00:00,
399905.SZ,中证500,2019-05-15,get_index_component,000905,000905.SH,中证500,XSHG,601127.SH,小康股份,XSHG,2019-05-15 00:00:00,0.1,2017-12-11 00:00:00,2021-12-13 00:00:00
399905.SZ,中证500,2019-05-15,get_index_component,000905,000905.SH,中证500,XSHG,601128.SH,常熟银行,XSHG,2019-05-15 00:00:00,0.3,2017-12-11 00:00:00,
399905.SZ,中证500,2019-05-15,get_index_component,000905,000905.SH,中证500,XSHG,601168.SH,西部矿业,XSHG,2019-05-15 00:00:00,0.31,2015-12-14 00:00:00,2026-06-15 00:00:00
399905.SZ,中证500,2019-05-15,get_index_component,000905,000905.SH,中证500,XSHG,601179.SH,中国西电,XSHG,2019-05-15 00:00:00,0.21,2018-06-11 00:00:00,
399905.SZ,中证500,2019-05-15,get_index_component,000905,000905.SH,中证500,XSHG,601200.SH,上海环境,XSHG,2019-05-15 00:00:00,0.13,2017-12-11 00:00:00,2022-12-12 00:00:00
399905.SZ,中证500,2019-05-15,get_index_component,000905,000905.SH,中证500,XSHG,601231.SH,环旭电子,XSHG,2019-05-15 00:00:00,0.23,2018-12-17 00:00:00,2020-06-15 00:00:00
399905.SZ,中证500,2019-05-15,get_index_component,000905,000905.SH,中证500,XSHG,601311.SH,骆驼股份,XSHG,2019-05-15 00:00:00,0.14,2012-01-04 00:00:00,2019-12-16 00:00:00
399905.SZ,中证500,2019-05-15,get_index_component,000905,000905.SH,中证500,XSHG,601326.SH,秦港股份,XSHG,2019-05-15 00:00:00,0.14,2018-12-17 00:00:00,2020-06-15 00:00:00
399905.SZ,中证500,2019-05-15,get_index_component,000905,000905.SH,中证500,XSHG,601598.SH,中国外运,XSHG,2019-05-15 00:00:00,0.21,2019-01-18 00:00:00,2019-06-17 00:00:00
399905.SZ,中证500,2019-05-15,get_index_component,000905,000905.SH,中证500,XSHG,601608.SH,中信重工,XSHG,2019-05-15 00:00:00,0.2,2018-06-11 00:00:00,
399905.SZ,中证500,2019-05-15,get_index_component,000905,000905.SH,中证500,XSHG,601678.SH,滨化股份,XSHG,2019-05-15 00:00:00,0.2,2011-01-04 00:00:00,2020-12-14 00:00:00
399905.SZ,中证500,2019-05-15,get_index_component,000905,000905.SH,中证500,XSHG,601689.SH,拓普集团,XSHG,2019-05-15 00:00:00,0.13,2016-12-12 00:00:00,2022-06-13 00:00:00
399905.SZ,中证500,2019-05-15,get_index_component,000905,000905.SH,中证500,XSHG,601717.SH,郑煤机,XSHG,2019-05-15 00:00:00,0.14,2014-06-16 00:00:00,
399905.SZ,中证500,2019-05-15,get_index_component,000905,000905.SH,中证500,XSHG,601718.SH,际华集团,XSHG,2019-05-15 00:00:00,0.23,2018-12-17 00:00:00,2023-12-11 00:00:00
399905.SZ,中证500,2019-05-15,get_index_component,000905,000905.SH,中证500,XSHG,601777.SH,力帆股份,XSHG,2019-05-15 00:00:00,0.11,2011-07-01 00:00:00,2019-12-16 00:00:00
399905.SZ,中证500,2019-05-15,get_index_component,000905,000905.SH,中证500,XSHG,601801.SH,皖新传媒,XSHG,2019-05-15 00:00:00,0.1,2018-06-11 00:00:00,2021-12-13 00:00:00
399905.SZ,中证500,2019-05-15,get_index_component,000905,000905.SH,中证500,XSHG,601811.SH,新华文轩,XSHG,2019-05-15 00:00:00,0.05,2017-06-12 00:00:00,2020-12-14 00:00:00
399905.SZ,中证500,2019-05-15,get_index_component,000905,000905.SH,中证500,XSHG,601866.SH,中远海发,XSHG,2019-05-15 00:00:00,0.33,2018-12-17 00:00:00,
399905.SZ,中证500,2019-05-15,get_index_component,000905,000905.SH,中证500,XSHG,601869.SH,长飞光纤,XSHG,2019-05-15 00:00:00,0.08,2018-12-17 00:00:00,2023-12-11 00:00:00
399905.SZ,中证500,2019-05-15,get_index_component,000905,000905.SH,中证500,XSHG,601872.SH,招商轮船,XSHG,2019-05-15 00:00:00,0.28,2018-06-11 00:00:00,2020-06-15 00:00:00
399905.SZ,中证500,2019-05-15,get_index_component,000905,000905.SH,中证500,XSHG,601880.SH,大连港,XSHG,2019-05-15 00:00:00,0.18,2012-01-04 00:00:00,
399905.SZ,中证500,2019-05-15,get_index_component,000905,000905.SH,中证500,XSHG,601928.SH,凤凰传媒,XSHG,2019-05-15 00:00:00,0.16,2017-06-12 00:00:00,
399905.SZ,中证500,2019-05-15,get_index_component,000905,000905.SH,中证500,XSHG,601958.SH,金钼股份,XSHG,2019-05-15 00:00:00,0.17,2018-12-17 00:00:00,
399905.SZ,中证500,2019-05-15,get_index_component,000905,000905.SH,中证500,XSHG,601966.SH,玲珑轮胎,XSHG,2019-05-15 00:00:00,0.22,2018-06-11 00:00:00,2021-06-15 00:00:00
399905.SZ,中证500,2019-05-15,get_index_component,000905,000905.SH,中证500,XSHG,601969.SH,海南矿业,XSHG,2019-05-15 00:00:00,0.06,2017-12-11 00:00:00,2023-12-11 00:00:00
399905.SZ,中证500,2019-05-15,get_index_component,000905,000905.SH,中证500,XSHG,601990.SH,南京证券,XSHG,2019-05-15 00:00:00,0.1,2018-12-17 00:00:00,2019-06-17 00:00:00
399905.SZ,中证500,2019-05-15,get_index_component,000905,000905.SH,中证500,XSHG,603000.SH,人民网,XSHG,2019-05-15 00:00:00,0.3,2017-06-12 00:00:00,
399905.SZ,中证500,2019-05-15,get_index_component,000905,000905.SH,中证500,XSHG,603025.SH,大豪科技,XSHG,2019-05-15 00:00:00,0.03,2015-12-14 00:00:00,2020-12-14 00:00:00
399905.SZ,中证500,2019-05-15,get_index_component,000905,000905.SH,中证500,XSHG,603056.SH,德邦股份,XSHG,2019-05-15 00:00:00,0.05,2018-06-11 00:00:00,2025-06-16 00:00:00
399905.SZ,中证500,2019-05-15,get_index_component,000905,000905.SH,中证500,XSHG,603077.SH,和邦股份,XSHG,2019-05-15 00:00:00,0.28,2013-01-04 00:00:00,
399905.SZ,中证500,2019-05-15,get_index_component,000905,000905.SH,中证500,XSHG,603169.SH,兰石重装,XSHG,2019-05-15 00:00:00,0.07,2015-06-15 00:00:00,2019-06-17 00:00:00
399905.SZ,中证500,2019-05-15,get_index_component,000905,000905.SH,中证500,XSHG,603198.SH,迎驾贡酒,XSHG,2019-05-15 00:00:00,0.11,2016-06-13 00:00:00,2022-12-12 00:00:00
399905.SZ,中证500,2019-05-15,get_index_component,000905,000905.SH,中证500,XSHG,603225.SH,新凤鸣,XSHG,2019-05-15 00:00:00,0.06,2017-12-11 00:00:00,
399905.SZ,中证500,2019-05-15,get_index_component,000905,000905.SH,中证500,XSHG,603228.SH,景旺电子,XSHG,2019-05-15 00:00:00,0.12,2017-06-12 00:00:00,2026-06-15 00:00:00
399905.SZ,中证500,2019-05-15,get_index_component,000905,000905.SH,中证500,XSHG,603233.SH,大参林,XSHG,2019-05-15 00:00:00,0.12,2018-12-17 00:00:00,2020-12-14 00:00:00
399905.SZ,中证500,2019-05-15,get_index_component,000905,000905.SH,中证500,XSHG,603328.SH,依顿电子,XSHG,2019-05-15 00:00:00,0.08,2014-12-15 00:00:00,2021-06-15 00:00:00
399905.SZ,中证500,2019-05-15,get_index_component,000905,000905.SH,中证500,XSHG,603355.SH,莱克电气,XSHG,2019-05-15 00:00:00,0.05,2015-12-14 00:00:00,2024-06-17 00:00:00
399905.SZ,中证500,2019-05-15,get_index_component,000905,000905.SH,中证500,XSHG,603369.SH,今世缘,XSHG,2019-05-15 00:00:00,0.39,2016-12-12 00:00:00,2019-12-16 00:00:00
399905.SZ,中证500,2019-05-15,get_index_component,000905,000905.SH,中证500,XSHG,603377.SH,东方时尚,XSHG,2019-05-15 00:00:00,0.08,2016-12-12 00:00:00,2021-12-13 00:00:00
399905.SZ,中证500,2019-05-15,get_index_component,000905,000905.SH,中证500,XSHG,603444.SH,吉比特,XSHG,2019-05-15 00:00:00,0.22,2017-06-12 00:00:00,2025-06-16 00:00:00
399905.SZ,中证500,2019-05-15,get_index_component,000905,000905.SH,中证500,XSHG,603486.SH,科沃斯,XSHG,2019-05-15 00:00:00,0.05,2018-12-17 00:00:00,2021-12-13 00:00:00
399905.SZ,中证500,2019-05-15,get_index_component,000905,000905.SH,中证500,XSHG,603515.SH,欧普照明,XSHG,2019-05-15 00:00:00,0.14,2017-06-12 00:00:00,2022-12-12 00:00:00
399905.SZ,中证500,2019-05-15,get_index_component,000905,000905.SH,中证500,XSHG,603556.SH,海兴电力,XSHG,2019-05-15 00:00:00,0.08,2017-06-12 00:00:00,2020-12-14 00:00:00
399905.SZ,中证500,2019-05-15,get_index_component,000905,000905.SH,中证500,XSHG,603568.SH,伟明环保,XSHG,2019-05-15 00:00:00,0.09,2015-12-14 00:00:00,
399905.SZ,中证500,2019-05-15,get_index_component,000905,000905.SH,中证500,XSHG,603569.SH,长久物流,XSHG,2019-05-15 00:00:00,0.03,2017-06-12 00:00:00,2019-12-16 00:00:00
399905.SZ,中证500,2019-05-15,get_index_component,000905,000905.SH,中证500,XSHG,603650.SH,彤程新材,XSHG,2019-05-15 00:00:00,0.03,2018-12-17 00:00:00,
399905.SZ,中证500,2019-05-15,get_index_component,000905,000905.SH,中证500,XSHG,603658.SH,安图生物,XSHG,2019-05-15 00:00:00,0.15,2017-06-12 00:00:00,2019-06-17 00:00:00
399905.SZ,中证500,2019-05-15,get_index_component,000905,000905.SH,中证500,XSHG,603659.SH,璞泰来,XSHG,2019-05-15 00:00:00,0.09,2018-06-11 00:00:00,2020-12-14 00:00:00
399905.SZ,中证500,2019-05-15,get_index_component,000905,000905.SH,中证500,XSHG,603712.SH,七一二,XSHG,2019-05-15 00:00:00,0.06,2018-12-17 00:00:00,2025-06-16 00:00:00
399905.SZ,中证500,2019-05-15,get_index_component,000905,000905.SH,中证500,XSHG,603766.SH,隆鑫通用,XSHG,2019-05-15 00:00:00,0.13,2013-07-01 00:00:00,2020-12-14 00:00:00
399905.SZ,中证500,2019-05-15,get_index_component,000905,000905.SH,中证500,XSHG,603806.SH,福斯特,XSHG,2019-05-15 00:00:00,0.11,2015-12-14 00:00:00,2021-06-15 00:00:00
399905.SZ,中证500,2019-05-15,get_index_component,000905,000905.SH,中证500,XSHG,603816.SH,顾家家居,XSHG,2019-05-15 00:00:00,0.16,2017-06-12 00:00:00,2021-06-15 00:00:00
399905.SZ,中证500,2019-05-15,get_index_component,000905,000905.SH,中证500,XSHG,603866.SH,桃李面包,XSHG,2019-05-15 00:00:00,0.09,2018-12-17 00:00:00,2024-06-17 00:00:00
399905.SZ,中证500,2019-05-15,get_index_component,000905,000905.SH,中证500,XSHG,603868.SH,飞科电器,XSHG,2019-05-15 00:00:00,0.05,2016-12-12 00:00:00,2025-12-15 00:00:00
399905.SZ,中证500,2019-05-15,get_index_component,000905,000905.SH,中证500,XSHG,603877.SH,太平鸟,XSHG,2019-05-15 00:00:00,0.03,2017-06-12 00:00:00,2020-06-15 00:00:00
399905.SZ,中证500,2019-05-15,get_index_component,000905,000905.SH,中证500,XSHG,603883.SH,老百姓,XSHG,2019-05-15 00:00:00,0.19,2015-12-14 00:00:00,2025-06-16 00:00:00
399905.SZ,中证500,2019-05-15,get_index_component,000905,000905.SH,中证500,XSHG,603885.SH,吉祥航空,XSHG,2019-05-15 00:00:00,0.18,2018-06-11 00:00:00,
399905.SZ,中证500,2019-05-15,get_index_component,000905,000905.SH,中证500,XSHG,603888.SH,新华网,XSHG,2019-05-15 00:00:00,0.13,2017-06-12 00:00:00,2021-12-13 00:00:00
399905.SZ,中证500,2019-05-15,get_index_component,000905,000905.SH,中证500,XSHG,603899.SH,晨光文具,XSHG,2019-05-15 00:00:00,0.3,2018-06-11 00:00:00,2019-06-17 00:00:00
