snapshot_date,snapshot_time,sector_name,rank_in_return,etf_code,market,source_api
2026-07-07,2026-07-07 16:26:16,ETF主题指数,1,159608.SZ,SZ,xtdata.get_stock_list_in_sector
2026-07-07,2026-07-07 16:26:16,ETF主题指数,2,159613.SZ,SZ,xtdata.get_stock_list_in_sector
2026-07-07,2026-07-07 16:26:16,ETF主题指数,3,159701.SZ,SZ,xtdata.get_stock_list_in_sector
2026-07-07,2026-07-07 16:26:16,ETF主题指数,4,159702.SZ,SZ,xtdata.get_stock_list_in_sector
2026-07-07,2026-07-07 16:26:16,ETF主题指数,5,159703.SZ,SZ,xtdata.get_stock_list_in_sector
2026-07-07,2026-07-07 16:26:16,ETF主题指数,6,159708.SZ,SZ,xtdata.get_stock_list_in_sector
2026-07-07,2026-07-07 16:26:16,ETF主题指数,7,159709.SZ,SZ,xtdata.get_stock_list_in_sector
2026-07-07,2026-07-07 16:26:16,ETF主题指数,8,159710.SZ,SZ,xtdata.get_stock_list_in_sector
2026-07-07,2026-07-07 16:26:16,ETF主题指数,9,159713.SZ,SZ,xtdata.get_stock_list_in_sector
2026-07-07,2026-07-07 16:26:16,ETF主题指数,10,159715.SZ,SZ,xtdata.get_stock_list_in_sector
2026-07-07,2026-07-07 16:26:16,ETF主题指数,11,159717.SZ,SZ,xtdata.get_stock_list_in_sector
2026-07-07,2026-07-07 16:26:16,ETF主题指数,12,159720.SZ,SZ,xtdata.get_stock_list_in_sector
2026-07-07,2026-07-07 16:26:16,ETF主题指数,13,159723.SZ,SZ,xtdata.get_stock_list_in_sector
2026-07-07,2026-07-07 16:26:16,ETF主题指数,14,159725.SZ,SZ,xtdata.get_stock_list_in_sector
2026-07-07,2026-07-07 16:26:16,ETF主题指数,15,159728.SZ,SZ,xtdata.get_stock_list_in_sector
2026-07-07,2026-07-07 16:26:16,ETF主题指数,16,159729.SZ,SZ,xtdata.get_stock_list_in_sector
2026-07-07,2026-07-07 16:26:16,ETF主题指数,17,159731.SZ,SZ,xtdata.get_stock_list_in_sector
2026-07-07,2026-07-07 16:26:16,ETF主题指数,18,159733.SZ,SZ,xtdata.get_stock_list_in_sector
2026-07-07,2026-07-07 16:26:16,ETF主题指数,19,159736.SZ,SZ,xtdata.get_stock_list_in_sector
2026-07-07,2026-07-07 16:26:16,ETF主题指数,20,159738.SZ,SZ,xtdata.get_stock_list_in_sector
2026-07-07,2026-07-07 16:26:16,ETF主题指数,21,159739.SZ,SZ,xtdata.get_stock_list_in_sector
2026-07-07,2026-07-07 16:26:16,ETF主题指数,22,159743.SZ,SZ,xtdata.get_stock_list_in_sector
2026-07-07,2026-07-07 16:26:16,ETF主题指数,23,159748.SZ,SZ,xtdata.get_stock_list_in_sector
2026-07-07,2026-07-07 16:26:16,ETF主题指数,24,159752.SZ,SZ,xtdata.get_stock_list_in_sector
2026-07-07,2026-07-07 16:26:16,ETF主题指数,25,159755.SZ,SZ,xtdata.get_stock_list_in_sector
2026-07-07,2026-07-07 16:26:16,ETF主题指数,26,159757.SZ,SZ,xtdata.get_stock_list_in_sector
2026-07-07,2026-07-07 16:26:16,ETF主题指数,27,159761.SZ,SZ,xtdata.get_stock_list_in_sector
2026-07-07,2026-07-07 16:26:16,ETF主题指数,28,159763.SZ,SZ,xtdata.get_stock_list_in_sector
2026-07-07,2026-07-07 16:26:16,ETF主题指数,29,159766.SZ,SZ,xtdata.get_stock_list_in_sector
2026-07-07,2026-07-07 16:26:16,ETF主题指数,30,159767.SZ,SZ,xtdata.get_stock_list_in_sector
2026-07-07,2026-07-07 16:26:16,ETF主题指数,31,159770.SZ,SZ,xtdata.get_stock_list_in_sector
2026-07-07,2026-07-07 16:26:16,ETF主题指数,32,159773.SZ,SZ,xtdata.get_stock_list_in_sector
2026-07-07,2026-07-07 16:26:16,ETF主题指数,33,159775.SZ,SZ,xtdata.get_stock_list_in_sector
2026-07-07,2026-07-07 16:26:16,ETF主题指数,34,159777.SZ,SZ,xtdata.get_stock_list_in_sector
2026-07-07,2026-07-07 16:26:16,ETF主题指数,35,159779.SZ,SZ,xtdata.get_stock_list_in_sector
2026-07-07,2026-07-07 16:26:16,ETF主题指数,36,159786.SZ,SZ,xtdata.get_stock_list_in_sector
2026-07-07,2026-07-07 16:26:16,ETF主题指数,37,159790.SZ,SZ,xtdata.get_stock_list_in_sector
2026-07-07,2026-07-07 16:26:16,ETF主题指数,38,159793.SZ,SZ,xtdata.get_stock_list_in_sector
2026-07-07,2026-07-07 16:26:16,ETF主题指数,39,159795.SZ,SZ,xtdata.get_stock_list_in_sector
2026-07-07,2026-07-07 16:26:16,ETF主题指数,40,159804.SZ,SZ,xtdata.get_stock_list_in_sector
2026-07-07,2026-07-07 16:26:16,ETF主题指数,41,159805.SZ,SZ,xtdata.get_stock_list_in_sector
2026-07-07,2026-07-07 16:26:16,ETF主题指数,42,159806.SZ,SZ,xtdata.get_stock_list_in_sector
2026-07-07,2026-07-07 16:26:16,ETF主题指数,43,159807.SZ,SZ,xtdata.get_stock_list_in_sector
2026-07-07,2026-07-07 16:26:16,ETF主题指数,44,159811.SZ,SZ,xtdata.get_stock_list_in_sector
2026-07-07,2026-07-07 16:26:16,ETF主题指数,45,159815.SZ,SZ,xtdata.get_stock_list_in_sector
2026-07-07,2026-07-07 16:26:16,ETF主题指数,46,159819.SZ,SZ,xtdata.get_stock_list_in_sector
2026-07-07,2026-07-07 16:26:16,ETF主题指数,47,159824.SZ,SZ,xtdata.get_stock_list_in_sector
2026-07-07,2026-07-07 16:26:16,ETF主题指数,48,159825.SZ,SZ,xtdata.get_stock_list_in_sector
2026-07-07,2026-07-07 16:26:16,ETF主题指数,49,159827.SZ,SZ,xtdata.get_stock_list_in_sector
2026-07-07,2026-07-07 16:26:16,ETF主题指数,50,159828.SZ,SZ,xtdata.get_stock_list_in_sector
2026-07-07,2026-07-07 16:26:16,ETF主题指数,51,159835.SZ,SZ,xtdata.get_stock_list_in_sector
2026-07-07,2026-07-07 16:26:16,ETF主题指数,52,159837.SZ,SZ,xtdata.get_stock_list_in_sector
2026-07-07,2026-07-07 16:26:16,ETF主题指数,53,159838.SZ,SZ,xtdata.get_stock_list_in_sector
2026-07-07,2026-07-07 16:26:16,ETF主题指数,54,159839.SZ,SZ,xtdata.get_stock_list_in_sector
2026-07-07,2026-07-07 16:26:16,ETF主题指数,55,159840.SZ,SZ,xtdata.get_stock_list_in_sector
2026-07-07,2026-07-07 16:26:16,ETF主题指数,56,159843.SZ,SZ,xtdata.get_stock_list_in_sector
2026-07-07,2026-07-07 16:26:16,ETF主题指数,57,159847.SZ,SZ,xtdata.get_stock_list_in_sector
2026-07-07,2026-07-07 16:26:16,ETF主题指数,58,159849.SZ,SZ,xtdata.get_stock_list_in_sector
2026-07-07,2026-07-07 16:26:16,ETF主题指数,59,159851.SZ,SZ,xtdata.get_stock_list_in_sector
2026-07-07,2026-07-07 16:26:16,ETF主题指数,60,159852.SZ,SZ,xtdata.get_stock_list_in_sector
2026-07-07,2026-07-07 16:26:16,ETF主题指数,61,159853.SZ,SZ,xtdata.get_stock_list_in_sector
2026-07-07,2026-07-07 16:26:16,ETF主题指数,62,159855.SZ,SZ,xtdata.get_stock_list_in_sector
2026-07-07,2026-07-07 16:26:16,ETF主题指数,63,159856.SZ,SZ,xtdata.get_stock_list_in_sector
2026-07-07,2026-07-07 16:26:16,ETF主题指数,64,159857.SZ,SZ,xtdata.get_stock_list_in_sector
2026-07-07,2026-07-07 16:26:16,ETF主题指数,65,159858.SZ,SZ,xtdata.get_stock_list_in_sector
2026-07-07,2026-07-07 16:26:16,ETF主题指数,66,159859.SZ,SZ,xtdata.get_stock_list_in_sector
2026-07-07,2026-07-07 16:26:16,ETF主题指数,67,159861.SZ,SZ,xtdata.get_stock_list_in_sector
2026-07-07,2026-07-07 16:26:16,ETF主题指数,68,159862.SZ,SZ,xtdata.get_stock_list_in_sector
2026-07-07,2026-07-07 16:26:16,ETF主题指数,69,159863.SZ,SZ,xtdata.get_stock_list_in_sector
2026-07-07,2026-07-07 16:26:16,ETF主题指数,70,159864.SZ,SZ,xtdata.get_stock_list_in_sector
2026-07-07,2026-07-07 16:26:16,ETF主题指数,71,159865.SZ,SZ,xtdata.get_stock_list_in_sector
2026-07-07,2026-07-07 16:26:16,ETF主题指数,72,159867.SZ,SZ,xtdata.get_stock_list_in_sector
2026-07-07,2026-07-07 16:26:16,ETF主题指数,73,159869.SZ,SZ,xtdata.get_stock_list_in_sector
2026-07-07,2026-07-07 16:26:16,ETF主题指数,74,159870.SZ,SZ,xtdata.get_stock_list_in_sector
2026-07-07,2026-07-07 16:26:16,ETF主题指数,75,159871.SZ,SZ,xtdata.get_stock_list_in_sector
2026-07-07,2026-07-07 16:26:16,ETF主题指数,76,159872.SZ,SZ,xtdata.get_stock_list_in_sector
2026-07-07,2026-07-07 16:26:16,ETF主题指数,77,159875.SZ,SZ,xtdata.get_stock_list_in_sector
2026-07-07,2026-07-07 16:26:16,ETF主题指数,78,159876.SZ,SZ,xtdata.get_stock_list_in_sector
2026-07-07,2026-07-07 16:26:16,ETF主题指数,79,159880.SZ,SZ,xtdata.get_stock_list_in_sector
2026-07-07,2026-07-07 16:26:16,ETF主题指数,80,159881.SZ,SZ,xtdata.get_stock_list_in_sector
2026-07-07,2026-07-07 16:26:16,ETF主题指数,81,159885.SZ,SZ,xtdata.get_stock_list_in_sector
2026-07-07,2026-07-07 16:26:16,ETF主题指数,82,159886.SZ,SZ,xtdata.get_stock_list_in_sector
2026-07-07,2026-07-07 16:26:16,ETF主题指数,83,159888.SZ,SZ,xtdata.get_stock_list_in_sector
2026-07-07,2026-07-07 16:26:16,ETF主题指数,84,159889.SZ,SZ,xtdata.get_stock_list_in_sector
2026-07-07,2026-07-07 16:26:16,ETF主题指数,85,159890.SZ,SZ,xtdata.get_stock_list_in_sector
2026-07-07,2026-07-07 16:26:16,ETF主题指数,86,159895.SZ,SZ,xtdata.get_stock_list_in_sector
2026-07-07,2026-07-07 16:26:16,ETF主题指数,87,159896.SZ,SZ,xtdata.get_stock_list_in_sector
2026-07-07,2026-07-07 16:26:16,ETF主题指数,88,159897.SZ,SZ,xtdata.get_stock_list_in_sector
2026-07-07,2026-07-07 16:26:16,ETF主题指数,89,159905.SZ,SZ,xtdata.get_stock_list_in_sector
2026-07-07,2026-07-07 16:26:16,ETF主题指数,90,159906.SZ,SZ,xtdata.get_stock_list_in_sector
2026-07-07,2026-07-07 16:26:16,ETF主题指数,91,159909.SZ,SZ,xtdata.get_stock_list_in_sector
2026-07-07,2026-07-07 16:26:16,ETF主题指数,92,159932.SZ,SZ,xtdata.get_stock_list_in_sector
2026-07-07,2026-07-07 16:26:16,ETF主题指数,93,159951.SZ,SZ,xtdata.get_stock_list_in_sector
2026-07-07,2026-07-07 16:26:16,ETF主题指数,94,159959.SZ,SZ,xtdata.get_stock_list_in_sector
2026-07-07,2026-07-07 16:26:16,ETF主题指数,95,159962.SZ,SZ,xtdata.get_stock_list_in_sector
2026-07-07,2026-07-07 16:26:16,ETF主题指数,96,159965.SZ,SZ,xtdata.get_stock_list_in_sector
2026-07-07,2026-07-07 16:26:16,ETF主题指数,97,159966.SZ,SZ,xtdata.get_stock_list_in_sector
2026-07-07,2026-07-07 16:26:16,ETF主题指数,98,159967.SZ,SZ,xtdata.get_stock_list_in_sector
2026-07-07,2026-07-07 16:26:16,ETF主题指数,99,159973.SZ,SZ,xtdata.get_stock_list_in_sector
2026-07-07,2026-07-07 16:26:16,ETF主题指数,100,159974.SZ,SZ,xtdata.get_stock_list_in_sector
2026-07-07,2026-07-07 16:26:16,ETF主题指数,101,159976.SZ,SZ,xtdata.get_stock_list_in_sector
2026-07-07,2026-07-07 16:26:16,ETF主题指数,102,159978.SZ,SZ,xtdata.get_stock_list_in_sector
2026-07-07,2026-07-07 16:26:16,ETF主题指数,103,159979.SZ,SZ,xtdata.get_stock_list_in_sector
2026-07-07,2026-07-07 16:26:16,ETF主题指数,104,159983.SZ,SZ,xtdata.get_stock_list_in_sector
2026-07-07,2026-07-07 16:26:16,ETF主题指数,105,159984.SZ,SZ,xtdata.get_stock_list_in_sector
2026-07-07,2026-07-07 16:26:16,ETF主题指数,106,159986.SZ,SZ,xtdata.get_stock_list_in_sector
2026-07-07,2026-07-07 16:26:16,ETF主题指数,107,159987.SZ,SZ,xtdata.get_stock_list_in_sector
2026-07-07,2026-07-07 16:26:16,ETF主题指数,108,159992.SZ,SZ,xtdata.get_stock_list_in_sector
2026-07-07,2026-07-07 16:26:16,ETF主题指数,109,159994.SZ,SZ,xtdata.get_stock_list_in_sector
2026-07-07,2026-07-07 16:26:16,ETF主题指数,110,159997.SZ,SZ,xtdata.get_stock_list_in_sector
2026-07-07,2026-07-07 16:26:16,ETF主题指数,111,159998.SZ,SZ,xtdata.get_stock_list_in_sector
2026-07-07,2026-07-07 16:26:16,ETF主题指数,112,510010.SH,SH,xtdata.get_stock_list_in_sector
2026-07-07,2026-07-07 16:26:16,ETF主题指数,113,510060.SH,SH,xtdata.get_stock_list_in_sector
2026-07-07,2026-07-07 16:26:16,ETF主题指数,114,510090.SH,SH,xtdata.get_stock_list_in_sector
2026-07-07,2026-07-07 16:26:16,ETF主题指数,115,510110.SH,SH,xtdata.get_stock_list_in_sector
2026-07-07,2026-07-07 16:26:16,ETF主题指数,116,510120.SH,SH,xtdata.get_stock_list_in_sector
2026-07-07,2026-07-07 16:26:16,ETF主题指数,117,510150.SH,SH,xtdata.get_stock_list_in_sector
2026-07-07,2026-07-07 16:26:16,ETF主题指数,118,510160.SH,SH,xtdata.get_stock_list_in_sector
2026-07-07,2026-07-07 16:26:16,ETF主题指数,119,510170.SH,SH,xtdata.get_stock_list_in_sector
2026-07-07,2026-07-07 16:26:16,ETF主题指数,120,510190.SH,SH,xtdata.get_stock_list_in_sector
2026-07-07,2026-07-07 16:26:16,ETF主题指数,121,510270.SH,SH,xtdata.get_stock_list_in_sector
2026-07-07,2026-07-07 16:26:16,ETF主题指数,122,510410.SH,SH,xtdata.get_stock_list_in_sector
2026-07-07,2026-07-07 16:26:16,ETF主题指数,123,510440.SH,SH,xtdata.get_stock_list_in_sector
2026-07-07,2026-07-07 16:26:16,ETF主题指数,124,510770.SH,SH,xtdata.get_stock_list_in_sector
2026-07-07,2026-07-07 16:26:16,ETF主题指数,125,510810.SH,SH,xtdata.get_stock_list_in_sector
2026-07-07,2026-07-07 16:26:16,ETF主题指数,126,510880.SH,SH,xtdata.get_stock_list_in_sector
2026-07-07,2026-07-07 16:26:16,ETF主题指数,127,510990.SH,SH,xtdata.get_stock_list_in_sector
2026-07-07,2026-07-07 16:26:16,ETF主题指数,128,512070.SH,SH,xtdata.get_stock_list_in_sector
2026-07-07,2026-07-07 16:26:16,ETF主题指数,129,512120.SH,SH,xtdata.get_stock_list_in_sector
2026-07-07,2026-07-07 16:26:16,ETF主题指数,130,512170.SH,SH,xtdata.get_stock_list_in_sector
2026-07-07,2026-07-07 16:26:16,ETF主题指数,131,512220.SH,SH,xtdata.get_stock_list_in_sector
2026-07-07,2026-07-07 16:26:16,ETF主题指数,132,512290.SH,SH,xtdata.get_stock_list_in_sector
2026-07-07,2026-07-07 16:26:16,ETF主题指数,133,512390.SH,SH,xtdata.get_stock_list_in_sector
2026-07-07,2026-07-07 16:26:16,ETF主题指数,134,512400.SH,SH,xtdata.get_stock_list_in_sector
2026-07-07,2026-07-07 16:26:16,ETF主题指数,135,512530.SH,SH,xtdata.get_stock_list_in_sector
2026-07-07,2026-07-07 16:26:16,ETF主题指数,136,512560.SH,SH,xtdata.get_stock_list_in_sector
2026-07-07,2026-07-07 16:26:16,ETF主题指数,137,512580.SH,SH,xtdata.get_stock_list_in_sector
2026-07-07,2026-07-07 16:26:16,ETF主题指数,138,512590.SH,SH,xtdata.get_stock_list_in_sector
2026-07-07,2026-07-07 16:26:16,ETF主题指数,139,512650.SH,SH,xtdata.get_stock_list_in_sector
2026-07-07,2026-07-07 16:26:16,ETF主题指数,140,512660.SH,SH,xtdata.get_stock_list_in_sector
2026-07-07,2026-07-07 16:26:16,ETF主题指数,141,512670.SH,SH,xtdata.get_stock_list_in_sector
2026-07-07,2026-07-07 16:26:16,ETF主题指数,142,512680.SH,SH,xtdata.get_stock_list_in_sector
2026-07-07,2026-07-07 16:26:16,ETF主题指数,143,512690.SH,SH,xtdata.get_stock_list_in_sector
2026-07-07,2026-07-07 16:26:16,ETF主题指数,144,512710.SH,SH,xtdata.get_stock_list_in_sector
2026-07-07,2026-07-07 16:26:16,ETF主题指数,145,512720.SH,SH,xtdata.get_stock_list_in_sector
2026-07-07,2026-07-07 16:26:16,ETF主题指数,146,512760.SH,SH,xtdata.get_stock_list_in_sector
2026-07-07,2026-07-07 16:26:16,ETF主题指数,147,512770.SH,SH,xtdata.get_stock_list_in_sector
2026-07-07,2026-07-07 16:26:16,ETF主题指数,148,512780.SH,SH,xtdata.get_stock_list_in_sector
2026-07-07,2026-07-07 16:26:16,ETF主题指数,149,512810.SH,SH,xtdata.get_stock_list_in_sector
2026-07-07,2026-07-07 16:26:16,ETF主题指数,150,512870.SH,SH,xtdata.get_stock_list_in_sector
2026-07-07,2026-07-07 16:26:16,ETF主题指数,151,512930.SH,SH,xtdata.get_stock_list_in_sector
2026-07-07,2026-07-07 16:26:16,ETF主题指数,152,512950.SH,SH,xtdata.get_stock_list_in_sector
2026-07-07,2026-07-07 16:26:16,ETF主题指数,153,512960.SH,SH,xtdata.get_stock_list_in_sector
2026-07-07,2026-07-07 16:26:16,ETF主题指数,154,512970.SH,SH,xtdata.get_stock_list_in_sector
2026-07-07,2026-07-07 16:26:16,ETF主题指数,155,512980.SH,SH,xtdata.get_stock_list_in_sector
2026-07-07,2026-07-07 16:26:16,ETF主题指数,156,513020.SH,SH,xtdata.get_stock_list_in_sector
2026-07-07,2026-07-07 16:26:16,ETF主题指数,157,513150.SH,SH,xtdata.get_stock_list_in_sector
2026-07-07,2026-07-07 16:26:16,ETF主题指数,158,513230.SH,SH,xtdata.get_stock_list_in_sector
2026-07-07,2026-07-07 16:26:16,ETF主题指数,159,515000.SH,SH,xtdata.get_stock_list_in_sector
2026-07-07,2026-07-07 16:26:16,ETF主题指数,160,515030.SH,SH,xtdata.get_stock_list_in_sector
2026-07-07,2026-07-07 16:26:16,ETF主题指数,161,515050.SH,SH,xtdata.get_stock_list_in_sector
2026-07-07,2026-07-07 16:26:16,ETF主题指数,162,515070.SH,SH,xtdata.get_stock_list_in_sector
2026-07-07,2026-07-07 16:26:16,ETF主题指数,163,515080.SH,SH,xtdata.get_stock_list_in_sector
2026-07-07,2026-07-07 16:26:16,ETF主题指数,164,515090.SH,SH,xtdata.get_stock_list_in_sector
2026-07-07,2026-07-07 16:26:16,ETF主题指数,165,515110.SH,SH,xtdata.get_stock_list_in_sector
2026-07-07,2026-07-07 16:26:16,ETF主题指数,166,515120.SH,SH,xtdata.get_stock_list_in_sector
2026-07-07,2026-07-07 16:26:16,ETF主题指数,167,515150.SH,SH,xtdata.get_stock_list_in_sector
2026-07-07,2026-07-07 16:26:16,ETF主题指数,168,515170.SH,SH,xtdata.get_stock_list_in_sector
2026-07-07,2026-07-07 16:26:16,ETF主题指数,169,515180.SH,SH,xtdata.get_stock_list_in_sector
2026-07-07,2026-07-07 16:26:16,ETF主题指数,170,515200.SH,SH,xtdata.get_stock_list_in_sector
2026-07-07,2026-07-07 16:26:16,ETF主题指数,171,515250.SH,SH,xtdata.get_stock_list_in_sector
2026-07-07,2026-07-07 16:26:16,ETF主题指数,172,515260.SH,SH,xtdata.get_stock_list_in_sector
2026-07-07,2026-07-07 16:26:16,ETF主题指数,173,515320.SH,SH,xtdata.get_stock_list_in_sector
2026-07-07,2026-07-07 16:26:16,ETF主题指数,174,515400.SH,SH,xtdata.get_stock_list_in_sector
2026-07-07,2026-07-07 16:26:16,ETF主题指数,175,515500.SH,SH,xtdata.get_stock_list_in_sector
2026-07-07,2026-07-07 16:26:16,ETF主题指数,176,515570.SH,SH,xtdata.get_stock_list_in_sector
2026-07-07,2026-07-07 16:26:16,ETF主题指数,177,515580.SH,SH,xtdata.get_stock_list_in_sector
2026-07-07,2026-07-07 16:26:16,ETF主题指数,178,515600.SH,SH,xtdata.get_stock_list_in_sector
2026-07-07,2026-07-07 16:26:16,ETF主题指数,179,515630.SH,SH,xtdata.get_stock_list_in_sector
2026-07-07,2026-07-07 16:26:16,ETF主题指数,180,515650.SH,SH,xtdata.get_stock_list_in_sector
2026-07-07,2026-07-07 16:26:16,ETF主题指数,181,515680.SH,SH,xtdata.get_stock_list_in_sector
2026-07-07,2026-07-07 16:26:16,ETF主题指数,182,515690.SH,SH,xtdata.get_stock_list_in_sector
2026-07-07,2026-07-07 16:26:16,ETF主题指数,183,515700.SH,SH,xtdata.get_stock_list_in_sector
2026-07-07,2026-07-07 16:26:16,ETF主题指数,184,515710.SH,SH,xtdata.get_stock_list_in_sector
2026-07-07,2026-07-07 16:26:16,ETF主题指数,185,515750.SH,SH,xtdata.get_stock_list_in_sector
2026-07-07,2026-07-07 16:26:16,ETF主题指数,186,515760.SH,SH,xtdata.get_stock_list_in_sector
2026-07-07,2026-07-07 16:26:16,ETF主题指数,187,515790.SH,SH,xtdata.get_stock_list_in_sector
2026-07-07,2026-07-07 16:26:16,ETF主题指数,188,515890.SH,SH,xtdata.get_stock_list_in_sector
2026-07-07,2026-07-07 16:26:16,ETF主题指数,189,515900.SH,SH,xtdata.get_stock_list_in_sector
2026-07-07,2026-07-07 16:26:16,ETF主题指数,190,515920.SH,SH,xtdata.get_stock_list_in_sector
2026-07-07,2026-07-07 16:26:16,ETF主题指数,191,515950.SH,SH,xtdata.get_stock_list_in_sector
2026-07-07,2026-07-07 16:26:16,ETF主题指数,192,515980.SH,SH,xtdata.get_stock_list_in_sector
2026-07-07,2026-07-07 16:26:16,ETF主题指数,193,515990.SH,SH,xtdata.get_stock_list_in_sector
2026-07-07,2026-07-07 16:26:16,ETF主题指数,194,516000.SH,SH,xtdata.get_stock_list_in_sector
2026-07-07,2026-07-07 16:26:16,ETF主题指数,195,516010.SH,SH,xtdata.get_stock_list_in_sector
2026-07-07,2026-07-07 16:26:16,ETF主题指数,196,516020.SH,SH,xtdata.get_stock_list_in_sector
2026-07-07,2026-07-07 16:26:16,ETF主题指数,197,516050.SH,SH,xtdata.get_stock_list_in_sector
2026-07-07,2026-07-07 16:26:16,ETF主题指数,198,516060.SH,SH,xtdata.get_stock_list_in_sector
2026-07-07,2026-07-07 16:26:16,ETF主题指数,199,516070.SH,SH,xtdata.get_stock_list_in_sector
2026-07-07,2026-07-07 16:26:16,ETF主题指数,200,516080.SH,SH,xtdata.get_stock_list_in_sector
2026-07-07,2026-07-07 16:26:16,ETF主题指数,201,516090.SH,SH,xtdata.get_stock_list_in_sector
2026-07-07,2026-07-07 16:26:16,ETF主题指数,202,516100.SH,SH,xtdata.get_stock_list_in_sector
2026-07-07,2026-07-07 16:26:16,ETF主题指数,203,516120.SH,SH,xtdata.get_stock_list_in_sector
2026-07-07,2026-07-07 16:26:16,ETF主题指数,204,516130.SH,SH,xtdata.get_stock_list_in_sector
2026-07-07,2026-07-07 16:26:16,ETF主题指数,205,516150.SH,SH,xtdata.get_stock_list_in_sector
2026-07-07,2026-07-07 16:26:16,ETF主题指数,206,516160.SH,SH,xtdata.get_stock_list_in_sector
2026-07-07,2026-07-07 16:26:16,ETF主题指数,207,516180.SH,SH,xtdata.get_stock_list_in_sector
2026-07-07,2026-07-07 16:26:16,ETF主题指数,208,516190.SH,SH,xtdata.get_stock_list_in_sector
2026-07-07,2026-07-07 16:26:16,ETF主题指数,209,516220.SH,SH,xtdata.get_stock_list_in_sector
2026-07-07,2026-07-07 16:26:16,ETF主题指数,210,516260.SH,SH,xtdata.get_stock_list_in_sector
2026-07-07,2026-07-07 16:26:16,ETF主题指数,211,516270.SH,SH,xtdata.get_stock_list_in_sector
2026-07-07,2026-07-07 16:26:16,ETF主题指数,212,516290.SH,SH,xtdata.get_stock_list_in_sector
2026-07-07,2026-07-07 16:26:16,ETF主题指数,213,516320.SH,SH,xtdata.get_stock_list_in_sector
2026-07-07,2026-07-07 16:26:16,ETF主题指数,214,516330.SH,SH,xtdata.get_stock_list_in_sector
2026-07-07,2026-07-07 16:26:16,ETF主题指数,215,516350.SH,SH,xtdata.get_stock_list_in_sector
2026-07-07,2026-07-07 16:26:16,ETF主题指数,216,516360.SH,SH,xtdata.get_stock_list_in_sector
2026-07-07,2026-07-07 16:26:16,ETF主题指数,217,516380.SH,SH,xtdata.get_stock_list_in_sector
2026-07-07,2026-07-07 16:26:16,ETF主题指数,218,516390.SH,SH,xtdata.get_stock_list_in_sector
2026-07-07,2026-07-07 16:26:16,ETF主题指数,219,516480.SH,SH,xtdata.get_stock_list_in_sector
2026-07-07,2026-07-07 16:26:16,ETF主题指数,220,516500.SH,SH,xtdata.get_stock_list_in_sector
2026-07-07,2026-07-07 16:26:16,ETF主题指数,221,516510.SH,SH,xtdata.get_stock_list_in_sector
2026-07-07,2026-07-07 16:26:16,ETF主题指数,222,516520.SH,SH,xtdata.get_stock_list_in_sector
2026-07-07,2026-07-07 16:26:16,ETF主题指数,223,516530.SH,SH,xtdata.get_stock_list_in_sector
2026-07-07,2026-07-07 16:26:16,ETF主题指数,224,516550.SH,SH,xtdata.get_stock_list_in_sector
2026-07-07,2026-07-07 16:26:16,ETF主题指数,225,516560.SH,SH,xtdata.get_stock_list_in_sector
2026-07-07,2026-07-07 16:26:16,ETF主题指数,226,516570.SH,SH,xtdata.get_stock_list_in_sector
2026-07-07,2026-07-07 16:26:16,ETF主题指数,227,516580.SH,SH,xtdata.get_stock_list_in_sector
2026-07-07,2026-07-07 16:26:16,ETF主题指数,228,516590.SH,SH,xtdata.get_stock_list_in_sector
2026-07-07,2026-07-07 16:26:16,ETF主题指数,229,516600.SH,SH,xtdata.get_stock_list_in_sector
2026-07-07,2026-07-07 16:26:16,ETF主题指数,230,516620.SH,SH,xtdata.get_stock_list_in_sector
2026-07-07,2026-07-07 16:26:16,ETF主题指数,231,516630.SH,SH,xtdata.get_stock_list_in_sector
2026-07-07,2026-07-07 16:26:16,ETF主题指数,232,516640.SH,SH,xtdata.get_stock_list_in_sector
2026-07-07,2026-07-07 16:26:16,ETF主题指数,233,516650.SH,SH,xtdata.get_stock_list_in_sector
2026-07-07,2026-07-07 16:26:16,ETF主题指数,234,516660.SH,SH,xtdata.get_stock_list_in_sector
2026-07-07,2026-07-07 16:26:16,ETF主题指数,235,516670.SH,SH,xtdata.get_stock_list_in_sector
2026-07-07,2026-07-07 16:26:16,ETF主题指数,236,516680.SH,SH,xtdata.get_stock_list_in_sector
2026-07-07,2026-07-07 16:26:16,ETF主题指数,237,516690.SH,SH,xtdata.get_stock_list_in_sector
2026-07-07,2026-07-07 16:26:16,ETF主题指数,238,516700.SH,SH,xtdata.get_stock_list_in_sector
2026-07-07,2026-07-07 16:26:16,ETF主题指数,239,516710.SH,SH,xtdata.get_stock_list_in_sector
2026-07-07,2026-07-07 16:26:16,ETF主题指数,240,516730.SH,SH,xtdata.get_stock_list_in_sector
2026-07-07,2026-07-07 16:26:16,ETF主题指数,241,516760.SH,SH,xtdata.get_stock_list_in_sector
2026-07-07,2026-07-07 16:26:16,ETF主题指数,242,516770.SH,SH,xtdata.get_stock_list_in_sector
2026-07-07,2026-07-07 16:26:16,ETF主题指数,243,516780.SH,SH,xtdata.get_stock_list_in_sector
2026-07-07,2026-07-07 16:26:16,ETF主题指数,244,516800.SH,SH,xtdata.get_stock_list_in_sector
2026-07-07,2026-07-07 16:26:16,ETF主题指数,245,516810.SH,SH,xtdata.get_stock_list_in_sector
2026-07-07,2026-07-07 16:26:16,ETF主题指数,246,516820.SH,SH,xtdata.get_stock_list_in_sector
2026-07-07,2026-07-07 16:26:16,ETF主题指数,247,516830.SH,SH,xtdata.get_stock_list_in_sector
2026-07-07,2026-07-07 16:26:16,ETF主题指数,248,516850.SH,SH,xtdata.get_stock_list_in_sector
2026-07-07,2026-07-07 16:26:16,ETF主题指数,249,516860.SH,SH,xtdata.get_stock_list_in_sector
2026-07-07,2026-07-07 16:26:16,ETF主题指数,250,516880.SH,SH,xtdata.get_stock_list_in_sector
2026-07-07,2026-07-07 16:26:16,ETF主题指数,251,516890.SH,SH,xtdata.get_stock_list_in_sector
2026-07-07,2026-07-07 16:26:16,ETF主题指数,252,516900.SH,SH,xtdata.get_stock_list_in_sector
2026-07-07,2026-07-07 16:26:16,ETF主题指数,253,516910.SH,SH,xtdata.get_stock_list_in_sector
2026-07-07,2026-07-07 16:26:16,ETF主题指数,254,516920.SH,SH,xtdata.get_stock_list_in_sector
2026-07-07,2026-07-07 16:26:16,ETF主题指数,255,516930.SH,SH,xtdata.get_stock_list_in_sector
2026-07-07,2026-07-07 16:26:16,ETF主题指数,256,516950.SH,SH,xtdata.get_stock_list_in_sector
2026-07-07,2026-07-07 16:26:16,ETF主题指数,257,516960.SH,SH,xtdata.get_stock_list_in_sector
2026-07-07,2026-07-07 16:26:16,ETF主题指数,258,517000.SH,SH,xtdata.get_stock_list_in_sector
2026-07-07,2026-07-07 16:26:16,ETF主题指数,259,517010.SH,SH,xtdata.get_stock_list_in_sector
2026-07-07,2026-07-07 16:26:16,ETF主题指数,260,517050.SH,SH,xtdata.get_stock_list_in_sector
2026-07-07,2026-07-07 16:26:16,ETF主题指数,261,517060.SH,SH,xtdata.get_stock_list_in_sector
2026-07-07,2026-07-07 16:26:16,ETF主题指数,262,517080.SH,SH,xtdata.get_stock_list_in_sector
2026-07-07,2026-07-07 16:26:16,ETF主题指数,263,517100.SH,SH,xtdata.get_stock_list_in_sector
2026-07-07,2026-07-07 16:26:16,ETF主题指数,264,517110.SH,SH,xtdata.get_stock_list_in_sector
2026-07-07,2026-07-07 16:26:16,ETF主题指数,265,517120.SH,SH,xtdata.get_stock_list_in_sector
2026-07-07,2026-07-07 16:26:16,ETF主题指数,266,517160.SH,SH,xtdata.get_stock_list_in_sector
2026-07-07,2026-07-07 16:26:16,ETF主题指数,267,517170.SH,SH,xtdata.get_stock_list_in_sector
2026-07-07,2026-07-07 16:26:16,ETF主题指数,268,517200.SH,SH,xtdata.get_stock_list_in_sector
2026-07-07,2026-07-07 16:26:16,ETF主题指数,269,517270.SH,SH,xtdata.get_stock_list_in_sector
2026-07-07,2026-07-07 16:26:16,ETF主题指数,270,517280.SH,SH,xtdata.get_stock_list_in_sector
2026-07-07,2026-07-07 16:26:16,ETF主题指数,271,517330.SH,SH,xtdata.get_stock_list_in_sector
2026-07-07,2026-07-07 16:26:16,ETF主题指数,272,517350.SH,SH,xtdata.get_stock_list_in_sector
2026-07-07,2026-07-07 16:26:16,ETF主题指数,273,517360.SH,SH,xtdata.get_stock_list_in_sector
2026-07-07,2026-07-07 16:26:16,ETF主题指数,274,517390.SH,SH,xtdata.get_stock_list_in_sector
2026-07-07,2026-07-07 16:26:16,ETF主题指数,275,517550.SH,SH,xtdata.get_stock_list_in_sector
2026-07-07,2026-07-07 16:26:16,ETF主题指数,276,517660.SH,SH,xtdata.get_stock_list_in_sector
2026-07-07,2026-07-07 16:26:16,ETF主题指数,277,517770.SH,SH,xtdata.get_stock_list_in_sector
2026-07-07,2026-07-07 16:26:16,ETF主题指数,278,517800.SH,SH,xtdata.get_stock_list_in_sector
2026-07-07,2026-07-07 16:26:16,ETF主题指数,279,517880.SH,SH,xtdata.get_stock_list_in_sector
2026-07-07,2026-07-07 16:26:16,ETF主题指数,280,517960.SH,SH,xtdata.get_stock_list_in_sector
2026-07-07,2026-07-07 16:26:16,ETF主题指数,281,560000.SH,SH,xtdata.get_stock_list_in_sector
2026-07-07,2026-07-07 16:26:16,ETF主题指数,282,560560.SH,SH,xtdata.get_stock_list_in_sector
2026-07-07,2026-07-07 16:26:16,ETF主题指数,283,560660.SH,SH,xtdata.get_stock_list_in_sector
2026-07-07,2026-07-07 16:26:16,ETF主题指数,284,560800.SH,SH,xtdata.get_stock_list_in_sector
2026-07-07,2026-07-07 16:26:16,ETF主题指数,285,561100.SH,SH,xtdata.get_stock_list_in_sector
2026-07-07,2026-07-07 16:26:16,ETF主题指数,286,561130.SH,SH,xtdata.get_stock_list_in_sector
2026-07-07,2026-07-07 16:26:16,ETF主题指数,287,561310.SH,SH,xtdata.get_stock_list_in_sector
2026-07-07,2026-07-07 16:26:16,ETF主题指数,288,561500.SH,SH,xtdata.get_stock_list_in_sector
2026-07-07,2026-07-07 16:26:16,ETF主题指数,289,561600.SH,SH,xtdata.get_stock_list_in_sector
2026-07-07,2026-07-07 16:26:16,ETF主题指数,290,561800.SH,SH,xtdata.get_stock_list_in_sector
2026-07-07,2026-07-07 16:26:16,ETF主题指数,291,561900.SH,SH,xtdata.get_stock_list_in_sector
2026-07-07,2026-07-07 16:26:16,ETF主题指数,292,561910.SH,SH,xtdata.get_stock_list_in_sector
2026-07-07,2026-07-07 16:26:16,ETF主题指数,293,562300.SH,SH,xtdata.get_stock_list_in_sector
2026-07-07,2026-07-07 16:26:16,ETF主题指数,294,562360.SH,SH,xtdata.get_stock_list_in_sector
2026-07-07,2026-07-07 16:26:16,ETF主题指数,295,562500.SH,SH,xtdata.get_stock_list_in_sector
2026-07-07,2026-07-07 16:26:16,ETF主题指数,296,562510.SH,SH,xtdata.get_stock_list_in_sector
2026-07-07,2026-07-07 16:26:16,ETF主题指数,297,562800.SH,SH,xtdata.get_stock_list_in_sector
2026-07-07,2026-07-07 16:26:16,ETF主题指数,298,562880.SH,SH,xtdata.get_stock_list_in_sector
2026-07-07,2026-07-07 16:26:16,ETF主题指数,299,562900.SH,SH,xtdata.get_stock_list_in_sector
2026-07-07,2026-07-07 16:26:16,ETF主题指数,300,562910.SH,SH,xtdata.get_stock_list_in_sector
2026-07-07,2026-07-07 16:26:16,ETF主题指数,301,562950.SH,SH,xtdata.get_stock_list_in_sector
